periodo,operador,id,anno,pais,tipo_de_mercado,servicio,concepto,tipo_de_ingreso,tipo_de_cliente,segmento,tipo_de_trafico,tipo_de_contrato,tipo_de_linea,tipo_de_mensaje,tipo_de_trafico_de_mensaje,tecnologia_de_acceso,velocidad_baf,tipo_de_oferta,tipo_de_tarifa,tipo_de_ce_minorista,tipo_de_circuito,tipo_de_emision,tipo_de_operador,tipo_de_medio,tipo_de_publicidad,tipo_de_contratacion,tipo_servicio_audiovisual_mayorista,tipo_de_ba_may,tipo_de_interconexion,tipo_de_tarificacion_en_interconexion,tipo_de_transmision_de_datos,tipo_de_ambito,tipo_de_acceso_de_infraestructuras,unidades,ingresos,ingresos_por_operador,clientes,clientes_por_operador,lineas_o_accesos,tasa_de_penetracion,lineas_o_accesos_por_operador,portabilidades,trafico,trafico_por_operador,mensajes,mensajes_por_operador_1,trafico_de_datos,trafico_de_datos_por_operador,circuitos,publicidad,contrataciones,fibra_oscura_por_operador,telefonos_publicos,cabinas,estaciones_base_por_operador,anio
,,4463,2010,,,,,,,,,,,,,,,,,,,,,,,,,,,,,,,,0.0,31.34,0.0,0.0,0.0,0.0,0.0,0.0,0.0,0.0,0.0,0.0,0.0,0.0,0.0,0.0,0.0,0.0,0.0,0.0,0.0,2010
,,4211,2010,,,,,,,,,,,,,,,,,,,,,,,,,,,,,,,,0.0,2.0,0.0,0.0,0.0,0.0,0.0,0.0,0.0,0.0,0.0,0.0,0.0,0.0,0.0,0.0,0.0,0.0,0.0,0.0,0.0,2010
,,4274,2010,,,,,,,,,,,,,,,,,,,,,,,,,,,,,,,,0.0,632.88,0.0,0.0,0.0,0.0,0.0,0.0,0.0,0.0,0.0,0.0,0.0,0.0,0.0,0.0,0.0,0.0,0.0,0.0,0.0,2010
,,16936,8040,,,,,,,,,,,,,,,,,,,,,,,,,,,,,,,,0.0,19.270000000000003,0.0,93.0,0.0,0.0,0.0,0.0,0.0,0.0,0.0,0.0,0.0,0.0,0.0,0.0,0.0,0.0,0.0,0.0,0.0,2010
,,21069,10050,,,,,,,,,,,,,,,,,,,,,,,,,,,,,,,,0.0,267.91,0.0,645.0,0.0,0.0,0.0,0.0,0.0,0.0,0.0,0.0,0.0,0.0,0.0,0.0,0.0,0.0,0.0,0.0,0.0,2010
,,4212,2010,,,,,,,,,,,,,,,,,,,,,,,,,,,,,,,,0.0,7.26,0.0,0.0,0.0,0.0,0.0,0.0,0.0,0.0,0.0,0.0,0.0,0.0,0.0,0.0,0.0,0.0,0.0,0.0,0.0,2010
,,13055,6030,,,,,,,,,,,,,,,,,,,,,,,,,,,,,,,,0.0,50.1,0.0,0.0,0.0,0.0,0.0,0.0,0.0,0.0,0.0,0.0,0.0,0.0,0.0,0.0,0.0,0.0,0.0,0.0,0.0,2010
,,27769,12060,,,,,,,,,,,,,,,,,,,,,,,,,,,,,,,,0.0,25.55,0.0,0.0,0.0,0.0,186174.0,0.0,0.0,244.59,0.0,7.02,0.0,0.0,0.0,0.0,0.0,0.0,0.0,0.0,0.0,2010
,,62031,28140,,,,,,,,,,,,,,,,,,,,,,,,,,,,,,,,0.0,212.19,0.0,335047.0,0.0,0.0,603753.0,0.0,0.0,1161.56,0.0,0.0,0.0,0.0,0.0,0.0,0.0,0.0,0.0,0.0,0.0,2010
,,4467,2010,,,,,,,,,,,,,,,,,,,,,,,,,,,,,,,,0.0,2.52,0.0,0.0,0.0,0.0,0.0,0.0,0.0,0.0,0.0,0.0,0.0,0.0,0.0,0.0,0.0,0.0,0.0,0.0,0.0,2010
,,27378,12060,,,,,,,,,,,,,,,,,,,,,,,,,,,,,,,,0.0,10.67,0.0,0.0,0.0,0.0,106787.0,0.0,0.0,51.05,0.0,8.54,0.0,0.0,0.0,0.0,0.0,0.0,0.0,0.0,0.0,2010
,,16952,8040,,,,,,,,,,,,,,,,,,,,,,,,,,,,,,,,0.0,14.78,0.0,29.0,0.0,0.0,0.0,0.0,0.0,0.0,0.0,0.0,0.0,0.0,0.0,0.0,0.0,0.0,0.0,0.0,0.0,2010
,,48606,22110,,,,,,,,,,,,,,,,,,,,,,,,,,,,,,,,0.0,452.56,0.0,1044202.0,0.0,0.0,1781610.0,0.0,0.0,4870.9,0.0,0.0,0.0,0.0,0.0,0.0,0.0,0.0,0.0,0.0,0.0,2010
,,4275,2010,,,,,,,,,,,,,,,,,,,,,,,,,,,,,,,,0.0,663.93,0.0,0.0,0.0,0.0,0.0,0.0,0.0,0.0,0.0,0.0,0.0,0.0,0.0,0.0,0.0,0.0,0.0,0.0,0.0,2010
,,191830,88440,,,,,,,,,,,,,,,,,,,,,,,,,,,,,,,,0.0,16730.37,0.0,9826935.0,0.0,0.0,67762383.0,0.0,0.0,124404.65,0.0,6042.26,0.0,0.0,0.0,0.0,0.0,0.0,0.0,0.0,0.0,2010
,,50477,22110,,,,,,,,,,,,,,,,,,,,,,,,,,,,,,,,0.0,311.34000000000003,0.0,0.0,0.0,0.0,2412221.0,0.0,0.0,1582.5700000000002,0.0,141.08,0.0,0.0,0.0,0.0,0.0,0.0,0.0,0.0,0.0,2010
,,65532,30150,,,,,,,,,,,,,,,,,,,,,,,,,,,,,,,,0.0,1029.56,0.0,1880741.0,0.0,0.0,10675311.0,0.0,0.0,9679.01,0.0,0.0,0.0,0.0,0.0,0.0,0.0,0.0,0.0,0.0,0.0,2010
,,128909,58290,,,,,,,,,,,,,,,,,,,,,,,,,,,,,,,,0.0,3695.67,0.0,1217091.0,0.0,0.0,14075202.0,0.0,0.0,31105.0,0.0,2684.33,0.0,0.0,0.0,0.0,0.0,0.0,0.0,0.0,0.0,2010
,,8497,4020,,,,,,,,,,,,,,,,,,,,,,,,,,,,,,,,0.0,76.34,0.0,313.0,0.0,0.0,0.0,0.0,0.0,0.0,0.0,0.0,0.0,0.0,0.0,0.0,0.0,0.0,0.0,0.0,0.0,2010
,,53003,24120,,,,,,,,,,,,,,,,,,,,,,,,,,,,,,,,0.0,148.66,0.0,250713.0,0.0,0.0,1264851.0,0.0,0.0,972.17,0.0,0.0,0.0,0.0,0.0,0.0,0.0,0.0,0.0,0.0,0.0,2010
,,180797,84420,,,,,,,,,,,,,,,,,,,,,,,,,,,,,,,,0.0,2383.16,0.0,378996.0,0.0,0.0,2474769.0,0.0,0.0,21573.72,0.0,64.21,0.0,0.0,0.0,0.0,0.0,0.0,0.0,0.0,0.0,2010
,,17008,8040,,,,,,,,,,,,,,,,,,,,,,,,,,,,,,,,0.0,2.43,0.0,13.0,0.0,0.0,0.0,0.0,0.0,0.0,0.0,0.0,0.0,0.0,0.0,0.0,0.0,0.0,0.0,0.0,0.0,2010
,,30914,14070,,,,,,,,,,,,,,,,,,,,,,,,,,,,,,,,0.0,38.43,0.0,0.0,0.0,0.0,115745.0,0.0,0.0,0.0,0.0,0.0,0.0,0.0,0.0,0.0,0.0,0.0,0.0,0.0,0.0,2010
,,4222,2010,,,,,,,,,,,,,,,,,,,,,,,,,,,,,,,,0.0,13.65,0.0,0.0,0.0,0.0,0.0,0.0,0.0,0.0,0.0,0.0,0.0,0.0,0.0,0.0,0.0,0.0,0.0,0.0,0.0,2010
,,8507,4020,,,,,,,,,,,,,,,,,,,,,,,,,,,,,,,,0.0,21.86,0.0,63.0,0.0,0.0,0.0,0.0,0.0,0.0,0.0,0.0,0.0,0.0,0.0,0.0,0.0,0.0,0.0,0.0,0.0,2010
,,4319,2010,,,,,,,,,,,,,,,,,,,,,,,,,,,,,,,,0.0,89.88,0.0,0.0,0.0,0.0,0.0,0.0,0.0,0.0,0.0,0.0,0.0,0.0,0.0,0.0,0.0,0.0,0.0,0.0,0.0,2010
,,4320,2010,,,,,,,,,,,,,,,,,,,,,,,,,,,,,,,,0.0,25.0,0.0,0.0,0.0,0.0,0.0,0.0,0.0,0.0,0.0,0.0,0.0,0.0,0.0,0.0,0.0,0.0,0.0,0.0,0.0,2010
,,124992,56280,,,,,,,,,,,,,,,,,,,,,,,,,,,,,,,,0.0,5657.97,0.0,1137097.0,0.0,0.0,21364824.0,0.0,0.0,41892.47,0.0,5223.46,0.0,0.0,0.0,0.0,0.0,0.0,0.0,0.0,0.0,2010
,,53846,24120,,,,,,,,,,,,,,,,,,,,,,,,,,,,,,,,0.0,475.46,0.0,0.0,0.0,0.0,2316835.0,0.0,0.0,3412.55,0.0,505.19,0.0,0.0,0.0,0.0,0.0,0.0,0.0,0.0,0.0,2010
,,1549688,715560,,,,,,,,,,,,,,,,,,,,,,,,,,,,,,,,41209.26,8116.52,16071978.0,0.0,146621886.0,315.2,21481421.0,6601332.0,240950.24,0.0,14676.09,0.0,105.51,105.51,205724.0,2859919.0,10470012.0,0.0,54297.0,31733.0,87545.0,2010
,,5103,2011,,,,,,,,,,,,,,,,,,,,,,,,,,,,,,,,0.0,23.3,0.0,0.0,0.0,0.0,0.0,0.0,0.0,0.0,0.0,0.0,0.0,0.0,0.0,0.0,0.0,0.0,0.0,0.0,0.0,2011
,,4841,2011,,,,,,,,,,,,,,,,,,,,,,,,,,,,,,,,0.0,3.05,0.0,0.0,0.0,0.0,0.0,0.0,0.0,0.0,0.0,0.0,0.0,0.0,0.0,0.0,0.0,0.0,0.0,0.0,0.0,2011
,,4902,2011,,,,,,,,,,,,,,,,,,,,,,,,,,,,,,,,0.0,616.4,0.0,0.0,0.0,0.0,0.0,0.0,0.0,0.0,0.0,0.0,0.0,0.0,0.0,0.0,0.0,0.0,0.0,0.0,0.0,2011
,,19450,8044,,,,,,,,,,,,,,,,,,,,,,,,,,,,,,,,0.0,19.99,0.0,101.0,0.0,0.0,0.0,0.0,0.0,0.0,0.0,0.0,0.0,0.0,0.0,0.0,0.0,0.0,0.0,0.0,0.0,2011
,,24209,10055,,,,,,,,,,,,,,,,,,,,,,,,,,,,,,,,0.0,291.57,0.0,622.0,0.0,0.0,0.0,0.0,0.0,0.0,0.0,0.0,0.0,0.0,0.0,0.0,0.0,0.0,0.0,0.0,0.0,2011
,,4842,2011,,,,,,,,,,,,,,,,,,,,,,,,,,,,,,,,0.0,7.43,0.0,0.0,0.0,0.0,0.0,0.0,0.0,0.0,0.0,0.0,0.0,0.0,0.0,0.0,0.0,0.0,0.0,0.0,0.0,2011
,,14961,6033,,,,,,,,,,,,,,,,,,,,,,,,,,,,,,,,0.0,48.95,0.0,0.0,0.0,0.0,0.0,0.0,0.0,0.0,0.0,0.0,0.0,0.0,0.0,0.0,0.0,0.0,0.0,0.0,0.0,2011
,,41757,16088,,,,,,,,,,,,,,,,,,,,,,,,,,,,,,,,0.0,42.41,0.0,0.0,0.0,0.0,267674.0,0.0,0.0,402.5,0.0,11.8,0.0,0.0,0.0,0.0,0.0,0.0,0.0,0.0,0.0,2011
,,70921,28154,,,,,,,,,,,,,,,,,,,,,,,,,,,,,,,,0.0,215.3,0.0,342817.0,0.0,0.0,639775.0,0.0,0.0,1095.47,0.0,0.0,0.0,0.0,0.0,0.0,0.0,0.0,0.0,0.0,0.0,2011
,,5107,2011,,,,,,,,,,,,,,,,,,,,,,,,,,,,,,,,0.0,5.23,0.0,0.0,0.0,0.0,0.0,0.0,0.0,0.0,0.0,0.0,0.0,0.0,0.0,0.0,0.0,0.0,0.0,0.0,0.0,2011
,,31208,12066,,,,,,,,,,,,,,,,,,,,,,,,,,,,,,,,0.0,13.04,0.0,0.0,0.0,0.0,115461.0,0.0,0.0,62.5,0.0,9.76,0.0,0.0,0.0,0.0,0.0,0.0,0.0,0.0,0.0,2011
,,19466,8044,,,,,,,,,,,,,,,,,,,,,,,,,,,,,,,,0.0,11.31,0.0,25.0,0.0,0.0,0.0,0.0,0.0,0.0,0.0,0.0,0.0,0.0,0.0,0.0,0.0,0.0,0.0,0.0,0.0,2011
,,55592,22121,,,,,,,,,,,,,,,,,,,,,,,,,,,,,,,,0.0,564.24,0.0,1299931.0,0.0,0.0,2297435.0,0.0,0.0,5739.41,0.0,0.0,0.0,0.0,0.0,0.0,0.0,0.0,0.0,0.0,0.0,2011
,,4903,2011,,,,,,,,,,,,,,,,,,,,,,,,,,,,,,,,0.0,816.66,0.0,0.0,0.0,0.0,0.0,0.0,0.0,0.0,0.0,0.0,0.0,0.0,0.0,0.0,0.0,0.0,0.0,0.0,0.0,2011
,,224583,90495,,,,,,,,,,,,,,,,,,,,,,,,,,,,,,,,0.0,15350.84,0.0,8945555.0,0.0,0.0,70610705.0,0.0,0.0,119446.03,0.0,5820.629999999999,0.0,0.0,0.0,0.0,0.0,0.0,0.0,0.0,0.0,2011
,,62786,24132,,,,,,,,,,,,,,,,,,,,,,,,,,,,,,,,0.0,459.43,0.0,0.0,0.0,0.0,3867439.0,0.0,0.0,2899.95,0.0,162.98,0.0,0.0,0.0,0.0,0.0,0.0,0.0,0.0,0.0,2011
,,75022,30165,,,,,,,,,,,,,,,,,,,,,,,,,,,,,,,,0.0,1039.53,0.0,1919903.0,0.0,0.0,10826510.0,0.0,0.0,11322.39,0.0,0.0,0.0,0.0,0.0,0.0,0.0,0.0,0.0,0.0,0.0,2011
,,147345,58319,,,,,,,,,,,,,,,,,,,,,,,,,,,,,,,,0.0,3818.42,0.0,1368494.0,0.0,0.0,16465275.0,0.0,0.0,33866.28,0.0,2807.3900000000003,0.0,0.0,0.0,0.0,0.0,0.0,0.0,0.0,0.0,2011
,,9752,4022,,,,,,,,,,,,,,,,,,,,,,,,,,,,,,,,0.0,72.21,0.0,242.0,0.0,0.0,0.0,0.0,0.0,0.0,0.0,0.0,0.0,0.0,0.0,0.0,0.0,0.0,0.0,0.0,0.0,2011
,,65657,26143,,,,,,,,,,,,,,,,,,,,,,,,,,,,,,,,0.0,147.56,0.0,256200.0,0.0,0.0,1326974.0,0.0,0.0,954.86,0.0,0.0,0.0,0.0,0.0,0.0,0.0,0.0,0.0,0.0,0.0,2011
,,207276,84462,,,,,,,,,,,,,,,,,,,,,,,,,,,,,,,,0.0,1956.87,0.0,317425.0,0.0,0.0,2555493.0,0.0,0.0,23109.9,0.0,89.45,0.0,0.0,0.0,0.0,0.0,0.0,0.0,0.0,0.0,2011
,,19518,8044,,,,,,,,,,,,,,,,,,,,,,,,,,,,,,,,0.0,3.8,0.0,16.0,0.0,0.0,0.0,0.0,0.0,0.0,0.0,0.0,0.0,0.0,0.0,0.0,0.0,0.0,0.0,0.0,0.0,2011
,,35324,14077,,,,,,,,,,,,,,,,,,,,,,,,,,,,,,,,0.0,39.25,0.0,0.0,0.0,0.0,119600.0,0.0,0.0,0.0,0.0,0.0,0.0,0.0,0.0,0.0,0.0,0.0,0.0,0.0,0.0,2011
,,4851,2011,,,,,,,,,,,,,,,,,,,,,,,,,,,,,,,,0.0,11.47,0.0,0.0,0.0,0.0,0.0,0.0,0.0,0.0,0.0,0.0,0.0,0.0,0.0,0.0,0.0,0.0,0.0,0.0,0.0,2011
,,9762,4022,,,,,,,,,,,,,,,,,,,,,,,,,,,,,,,,0.0,23.5,0.0,63.0,0.0,0.0,0.0,0.0,0.0,0.0,0.0,0.0,0.0,0.0,0.0,0.0,0.0,0.0,0.0,0.0,0.0,2011
,,4949,2011,,,,,,,,,,,,,,,,,,,,,,,,,,,,,,,,0.0,76.88,0.0,0.0,0.0,0.0,0.0,0.0,0.0,0.0,0.0,0.0,0.0,0.0,0.0,0.0,0.0,0.0,0.0,0.0,0.0,2011
,,4950,2011,,,,,,,,,,,,,,,,,,,,,,,,,,,,,,,,0.0,30.58,0.0,0.0,0.0,0.0,0.0,0.0,0.0,0.0,0.0,0.0,0.0,0.0,0.0,0.0,0.0,0.0,0.0,0.0,0.0,2011
,,142804,56308,,,,,,,,,,,,,,,,,,,,,,,,,,,,,,,,0.0,5077.04,0.0,1209103.0,0.0,0.0,22278663.0,0.0,0.0,42494.21,0.0,5017.29,0.0,0.0,0.0,0.0,0.0,0.0,0.0,0.0,0.0,2011
,,61488,24132,,,,,,,,,,,,,,,,,,,,,,,,,,,,,,,,0.0,627.78,0.0,0.0,0.0,0.0,3610152.0,0.0,0.0,4878.349999999999,0.0,690.0,0.0,0.0,0.0,0.0,0.0,0.0,0.0,0.0,0.0,2011
,,1824876,736026,,,,,,,,,,,,,,,,,,,,,,,,,,,,,,,,39592.09,8178.1,15660497.0,0.0,155734435.0,333.1,20753279.0,7492764.0,246271.85,0.0,14609.3,0.0,3515086.41,3515086.41,205440.0,4355585.0,10372289.0,0.0,51617.0,29770.0,98533.0,2011
,,5755,2012,,,,,,,,,,,,,,,,,,,,,,,,,,,,,,,,0.0,30.53,0.0,0.0,0.0,0.0,0.0,0.0,0.0,0.0,0.0,0.0,0.0,0.0,0.0,0.0,0.0,0.0,0.0,0.0,0.0,2012
,,5485,2012,,,,,,,,,,,,,,,,,,,,,,,,,,,,,,,,0.0,3.6,0.0,0.0,0.0,0.0,0.0,0.0,0.0,0.0,0.0,0.0,0.0,0.0,0.0,0.0,0.0,0.0,0.0,0.0,0.0,2012
,,5546,2012,,,,,,,,,,,,,,,,,,,,,,,,,,,,,,,,0.0,575.57,0.0,0.0,0.0,0.0,0.0,0.0,0.0,0.0,0.0,0.0,0.0,0.0,0.0,0.0,0.0,0.0,0.0,0.0,0.0,2012
,,22026,8048,,,,,,,,,,,,,,,,,,,,,,,,,,,,,,,,0.0,20.73,0.0,112.0,0.0,0.0,0.0,0.0,0.0,0.0,0.0,0.0,0.0,0.0,0.0,0.0,0.0,0.0,0.0,0.0,0.0,2012
,,5392,2012,,,,,,,,,,,,,,,,,,,,,,,,,,,,,,,,0.0,10.2,0.0,0.0,0.0,0.0,0.0,0.0,0.0,0.0,0.0,0.0,0.0,0.0,0.0,0.0,0.0,0.0,0.0,0.0,0.0,2012
,,27427,10060,,,,,,,,,,,,,,,,,,,,,,,,,,,,,,,,0.0,285.75,0.0,587.0,0.0,0.0,0.0,0.0,0.0,0.0,0.0,0.0,0.0,0.0,0.0,0.0,0.0,0.0,0.0,0.0,0.0,2012
,,5486,2012,,,,,,,,,,,,,,,,,,,,,,,,,,,,,,,,0.0,7.71,0.0,0.0,0.0,0.0,0.0,0.0,0.0,0.0,0.0,0.0,0.0,0.0,0.0,0.0,0.0,0.0,0.0,0.0,0.0,2012
,,16907,6036,,,,,,,,,,,,,,,,,,,,,,,,,,,,,,,,0.0,53.36,0.0,0.0,0.0,0.0,0.0,0.0,0.0,0.0,0.0,0.0,0.0,0.0,0.0,0.0,0.0,0.0,0.0,0.0,0.0,2012
,,52685,18108,,,,,,,,,,,,,,,,,,,,,,,,,,,,,,,,0.0,44.24,0.0,0.0,0.0,0.0,340253.0,0.0,0.0,484.32,0.0,14.8,0.0,0.0,0.0,0.0,0.0,0.0,0.0,0.0,0.0,2012
,,80003,28168,,,,,,,,,,,,,,,,,,,,,,,,,,,,,,,,0.0,208.59,0.0,332579.0,0.0,0.0,634641.0,0.0,0.0,1014.27,0.0,0.0,0.0,0.0,0.0,0.0,0.0,0.0,0.0,0.0,0.0,2012
,,5759,2012,,,,,,,,,,,,,,,,,,,,,,,,,,,,,,,,0.0,5.84,0.0,0.0,0.0,0.0,0.0,0.0,0.0,0.0,0.0,0.0,0.0,0.0,0.0,0.0,0.0,0.0,0.0,0.0,0.0,2012
,,35107,12072,,,,,,,,,,,,,,,,,,,,,,,,,,,,,,,,0.0,14.67,0.0,0.0,0.0,0.0,177419.0,0.0,0.0,64.14,0.0,10.24,0.0,0.0,0.0,0.0,0.0,0.0,0.0,0.0,0.0,2012
,,22042,8048,,,,,,,,,,,,,,,,,,,,,,,,,,,,,,,,0.0,11.3,0.0,24.0,0.0,0.0,0.0,0.0,0.0,0.0,0.0,0.0,0.0,0.0,0.0,0.0,0.0,0.0,0.0,0.0,0.0,2012
,,62725,22132,,,,,,,,,,,,,,,,,,,,,,,,,,,,,,,,0.0,656.29,0.0,1535184.0,0.0,0.0,2849398.0,0.0,0.0,6251.02,0.0,0.0,0.0,0.0,0.0,0.0,0.0,0.0,0.0,0.0,0.0,2012
,,5547,2012,,,,,,,,,,,,,,,,,,,,,,,,,,,,,,,,0.0,685.91,0.0,0.0,0.0,0.0,0.0,0.0,0.0,0.0,0.0,0.0,0.0,0.0,0.0,0.0,0.0,0.0,0.0,0.0,0.0,2012
,,247889,88528,,,,,,,,,,,,,,,,,,,,,,,,,,,,,,,,0.0,13114.19,0.0,8718871.0,0.0,0.0,70279247.0,0.0,0.0,109563.68,0.0,4718.9,0.0,0.0,0.0,0.0,0.0,0.0,0.0,0.0,0.0,2012
,,64666,22132,,,,,,,,,,,,,,,,,,,,,,,,,,,,,,,,0.0,537.54,0.0,0.0,0.0,0.0,6204616.0,0.0,0.0,5569.0,0.0,263.51,0.0,0.0,0.0,0.0,0.0,0.0,0.0,0.0,0.0,2012
,,84730,30180,,,,,,,,,,,,,,,,,,,,,,,,,,,,,,,,0.0,1050.55,0.0,1867971.0,0.0,0.0,10908588.0,0.0,0.0,11742.76,0.0,0.0,0.0,0.0,0.0,0.0,0.0,0.0,0.0,0.0,0.0,2012
,,160788,56336,,,,,,,,,,,,,,,,,,,,,,,,,,,,,,,,0.0,3796.63,0.0,1495193.0,0.0,0.0,18973122.0,0.0,0.0,34130.88,0.0,2398.5,0.0,0.0,0.0,0.0,0.0,0.0,0.0,0.0,0.0,2012
,,11040,4024,,,,,,,,,,,,,,,,,,,,,,,,,,,,,,,,0.0,59.39,0.0,223.0,0.0,0.0,0.0,0.0,0.0,0.0,0.0,0.0,0.0,0.0,0.0,0.0,0.0,0.0,0.0,0.0,0.0,2012
,,74081,26156,,,,,,,,,,,,,,,,,,,,,,,,,,,,,,,,0.0,138.42,0.0,246760.0,0.0,0.0,1358180.0,0.0,0.0,892.41,0.0,0.0,0.0,0.0,0.0,0.0,0.0,0.0,0.0,0.0,0.0,2012
,,239756,86516,,,,,,,,,,,,,,,,,,,,,,,,,,,,,,,,0.0,1823.16,0.0,334073.0,0.0,0.0,2671054.0,0.0,0.0,23536.38,0.0,121.25,0.0,0.0,0.0,0.0,0.0,0.0,0.0,0.0,0.0,2012
,,22094,8048,,,,,,,,,,,,,,,,,,,,,,,,,,,,,,,,0.0,3.72,0.0,13.0,0.0,0.0,0.0,0.0,0.0,0.0,0.0,0.0,0.0,0.0,0.0,0.0,0.0,0.0,0.0,0.0,0.0,2012
,,39858,14084,,,,,,,,,,,,,,,,,,,,,,,,,,,,,,,,0.0,42.4,0.0,0.0,0.0,0.0,120489.0,0.0,0.0,0.0,0.0,0.0,0.0,0.0,0.0,0.0,0.0,0.0,0.0,0.0,0.0,2012
,,10846,4024,,,,,,,,,,,,,,,,,,,,,,,,,,,,,,,,0.0,36.94,0.0,0.0,0.0,0.0,0.0,0.0,0.0,615.58,0.0,0.0,0.0,0.0,0.0,0.0,0.0,0.0,0.0,0.0,0.0,2012
,,5495,2012,,,,,,,,,,,,,,,,,,,,,,,,,,,,,,,,0.0,15.47,0.0,0.0,0.0,0.0,0.0,0.0,0.0,0.0,0.0,0.0,0.0,0.0,0.0,0.0,0.0,0.0,0.0,0.0,0.0,2012
,,11050,4024,,,,,,,,,,,,,,,,,,,,,,,,,,,,,,,,0.0,21.44,0.0,25.0,0.0,0.0,0.0,0.0,0.0,0.0,0.0,0.0,0.0,0.0,0.0,0.0,0.0,0.0,0.0,0.0,0.0,2012
,,5595,2012,,,,,,,,,,,,,,,,,,,,,,,,,,,,,,,,0.0,59.1,0.0,0.0,0.0,0.0,0.0,0.0,0.0,0.0,0.0,0.0,0.0,0.0,0.0,0.0,0.0,0.0,0.0,0.0,0.0,2012
,,5596,2012,,,,,,,,,,,,,,,,,,,,,,,,,,,,,,,,0.0,23.01,0.0,0.0,0.0,0.0,0.0,0.0,0.0,0.0,0.0,0.0,0.0,0.0,0.0,0.0,0.0,0.0,0.0,0.0,0.0,2012
,,160964,56336,,,,,,,,,,,,,,,,,,,,,,,,,,,,,,,,0.0,4583.0,0.0,1109786.0,0.0,0.0,22673098.0,0.0,0.0,46972.69,0.0,4191.139999999999,0.0,0.0,0.0,0.0,0.0,0.0,0.0,0.0,0.0,2012
,,69267,24144,,,,,,,,,,,,,,,,,,,,,,,,,,,,,,,,0.0,682.44,0.0,0.0,0.0,0.0,5586036.0,0.0,0.0,5672.42,0.0,645.94,0.0,0.0,0.0,0.0,0.0,0.0,0.0,0.0,0.0,2012
,,2101218,750476,,,,,,,,,,,,,,,,,,,,,,,,,,,,,,,,36552.21,7950.46,15641401.0,0.0,162107908.0,345.9,19331767.0,7011360.0,246509.52,0.0,12364.27,0.0,3956828.61,3956828.61,209914.0,3691858.0,7011206.0,0.0,45851.0,27704.0,106163.0,2012
,,6418,2013,,,,,,,,,,,,,,,,,,,,,,,,,,,,,,,,0.0,26.76,0.0,0.0,0.0,0.0,0.0,0.0,0.0,0.0,0.0,0.0,0.0,0.0,0.0,0.0,0.0,0.0,0.0,0.0,0.0,2013
,,6146,2013,,,,,,,,,,,,,,,,,,,,,,,,,,,,,,,,0.0,3.2,0.0,0.0,0.0,0.0,0.0,0.0,0.0,0.0,0.0,0.0,0.0,0.0,0.0,0.0,0.0,0.0,0.0,0.0,0.0,2013
,,6207,2013,,,,,,,,,,,,,,,,,,,,,,,,,,,,,,,,0.0,653.98,0.0,0.0,0.0,0.0,0.0,0.0,0.0,0.0,0.0,0.0,0.0,0.0,0.0,0.0,0.0,0.0,0.0,0.0,0.0,2013
,,24670,8052,,,,,,,,,,,,,,,,,,,,,,,,,,,,,,,,0.0,20.360000000000003,0.0,110.0,0.0,0.0,0.0,0.0,0.0,0.0,0.0,0.0,0.0,0.0,0.0,0.0,0.0,0.0,0.0,0.0,0.0,2013
,,6049,2013,,,,,,,,,,,,,,,,,,,,,,,,,,,,,,,,0.0,11.08,0.0,0.0,0.0,0.0,0.0,0.0,0.0,0.0,0.0,0.0,0.0,0.0,0.0,0.0,0.0,0.0,0.0,0.0,0.0,2013
,,30728,10065,,,,,,,,,,,,,,,,,,,,,,,,,,,,,,,,0.0,272.25,0.0,541.0,0.0,0.0,0.0,0.0,0.0,0.0,0.0,0.0,0.0,0.0,0.0,0.0,0.0,0.0,0.0,0.0,0.0,2013
,,6147,2013,,,,,,,,,,,,,,,,,,,,,,,,,,,,,,,,0.0,8.7,0.0,0.0,0.0,0.0,0.0,0.0,0.0,0.0,0.0,0.0,0.0,0.0,0.0,0.0,0.0,0.0,0.0,0.0,0.0,2013
,,18890,6039,,,,,,,,,,,,,,,,,,,,,,,,,,,,,,,,0.0,60.35,0.0,0.0,0.0,0.0,0.0,0.0,0.0,0.0,0.0,0.0,0.0,0.0,0.0,0.0,0.0,0.0,0.0,0.0,0.0,2013
,,58658,18117,,,,,,,,,,,,,,,,,,,,,,,,,,,,,,,,0.0,42.46,0.0,0.0,0.0,0.0,514288.0,0.0,0.0,511.79,0.0,14.93,0.0,0.0,0.0,0.0,0.0,0.0,0.0,0.0,0.0,2013
,,89242,28182,,,,,,,,,,,,,,,,,,,,,,,,,,,,,,,,0.0,199.59,0.0,329685.0,0.0,0.0,645598.0,0.0,0.0,974.5,0.0,0.0,0.0,0.0,0.0,0.0,0.0,0.0,0.0,0.0,0.0,2013
,,6422,2013,,,,,,,,,,,,,,,,,,,,,,,,,,,,,,,,0.0,10.02,0.0,0.0,0.0,0.0,0.0,0.0,0.0,0.0,0.0,0.0,0.0,0.0,0.0,0.0,0.0,0.0,0.0,0.0,0.0,2013
,,52279,16104,,,,,,,,,,,,,,,,,,,,,,,,,,,,,,,,0.0,16.71,0.0,0.0,0.0,0.0,196184.0,0.0,0.0,90.72,0.0,7.93,0.0,0.0,0.0,0.0,0.0,0.0,0.0,0.0,0.0,2013
,,24686,8052,,,,,,,,,,,,,,,,,,,,,,,,,,,,,,,,0.0,8.620000000000001,0.0,19.0,0.0,0.0,0.0,0.0,0.0,0.0,0.0,0.0,0.0,0.0,0.0,0.0,0.0,0.0,0.0,0.0,0.0,2013
,,69980,22143,,,,,,,,,,,,,,,,,,,,,,,,,,,,,,,,0.0,666.72,0.0,1590946.0,0.0,0.0,3899092.0,0.0,0.0,5697.48,0.0,0.0,0.0,0.0,0.0,0.0,0.0,0.0,0.0,0.0,0.0,2013
,,6208,2013,,,,,,,,,,,,,,,,,,,,,,,,,,,,,,,,0.0,637.28,0.0,0.0,0.0,0.0,0.0,0.0,0.0,0.0,0.0,0.0,0.0,0.0,0.0,0.0,0.0,0.0,0.0,0.0,0.0,2013
,,301541,96624,,,,,,,,,,,,,,,,,,,,,,,,,,,,,,,,0.0,11137.48,0.0,8314913.0,0.0,0.0,72178921.0,0.0,0.0,103747.87,0.0,3717.92,0.0,0.0,0.0,0.0,0.0,0.0,0.0,0.0,0.0,2013
,,78557,24156,,,,,,,,,,,,,,,,,,,,,,,,,,,,,,,,0.0,707.1700000000001,0.0,0.0,0.0,0.0,9321865.0,0.0,0.0,8772.11,0.0,259.77,0.0,0.0,0.0,0.0,0.0,0.0,0.0,0.0,0.0,2013
,,88610,28182,,,,,,,,,,,,,,,,,,,,,,,,,,,,,,,,0.0,950.65,0.0,1794516.0,0.0,0.0,10742692.0,0.0,0.0,9298.21,0.0,0.0,0.0,0.0,0.0,0.0,0.0,0.0,0.0,0.0,0.0,2013
,,179325,56364,,,,,,,,,,,,,,,,,,,,,,,,,,,,,,,,0.0,3613.73,0.0,1794987.0,0.0,0.0,22259970.0,0.0,0.0,36798.18,0.0,1842.54,0.0,0.0,0.0,0.0,0.0,0.0,0.0,0.0,0.0,2013
,,12362,4026,,,,,,,,,,,,,,,,,,,,,,,,,,,,,,,,0.0,55.91,0.0,261.0,0.0,0.0,0.0,0.0,0.0,0.0,0.0,0.0,0.0,0.0,0.0,0.0,0.0,0.0,0.0,0.0,0.0,2013
,,82662,26169,,,,,,,,,,,,,,,,,,,,,,,,,,,,,,,,0.0,119.76,0.0,258987.0,0.0,0.0,1419148.0,0.0,0.0,812.67,0.0,0.0,0.0,0.0,0.0,0.0,0.0,0.0,0.0,0.0,0.0,2013
,,274433,88572,,,,,,,,,,,,,,,,,,,,,,,,,,,,,,,,0.0,1689.36,0.0,350289.0,0.0,0.0,2874033.0,0.0,0.0,24786.300000000003,0.0,184.43,0.0,0.0,0.0,0.0,0.0,0.0,0.0,0.0,0.0,2013
,,24738,8052,,,,,,,,,,,,,,,,,,,,,,,,,,,,,,,,0.0,3.58,0.0,11.0,0.0,0.0,0.0,0.0,0.0,0.0,0.0,0.0,0.0,0.0,0.0,0.0,0.0,0.0,0.0,0.0,0.0,2013
,,44493,14091,,,,,,,,,,,,,,,,,,,,,,,,,,,,,,,,0.0,46.09,0.0,0.0,0.0,0.0,121694.0,0.0,0.0,0.0,0.0,0.0,0.0,0.0,0.0,0.0,0.0,0.0,0.0,0.0,0.0,2013
,,12160,4026,,,,,,,,,,,,,,,,,,,,,,,,,,,,,,,,0.0,23.57,0.0,0.0,0.0,0.0,0.0,0.0,0.0,481.27,0.0,0.0,0.0,0.0,0.0,0.0,0.0,0.0,0.0,0.0,0.0,2013
,,6156,2013,,,,,,,,,,,,,,,,,,,,,,,,,,,,,,,,0.0,20.84,0.0,0.0,0.0,0.0,0.0,0.0,0.0,0.0,0.0,0.0,0.0,0.0,0.0,0.0,0.0,0.0,0.0,0.0,0.0,2013
,,12372,4026,,,,,,,,,,,,,,,,,,,,,,,,,,,,,,,,0.0,22.34,0.0,20.0,0.0,0.0,0.0,0.0,0.0,0.0,0.0,0.0,0.0,0.0,0.0,0.0,0.0,0.0,0.0,0.0,0.0,2013
,,6251,2013,,,,,,,,,,,,,,,,,,,,,,,,,,,,,,,,0.0,53.16,0.0,0.0,0.0,0.0,0.0,0.0,0.0,0.0,0.0,0.0,0.0,0.0,0.0,0.0,0.0,0.0,0.0,0.0,0.0,2013
,,6252,2013,,,,,,,,,,,,,,,,,,,,,,,,,,,,,,,,0.0,19.56,0.0,0.0,0.0,0.0,0.0,0.0,0.0,0.0,0.0,0.0,0.0,0.0,0.0,0.0,0.0,0.0,0.0,0.0,0.0,2013
,,185526,58377,,,,,,,,,,,,,,,,,,,,,,,,,,,,,,,,0.0,3967.85,0.0,1253859.0,0.0,0.0,22946882.0,0.0,0.0,43300.57,0.0,3299.32,0.0,0.0,0.0,0.0,0.0,0.0,0.0,0.0,0.0,2013
,,77226,24156,,,,,,,,,,,,,,,,,,,,,,,,,,,,,,,,0.0,675.7,0.0,0.0,0.0,0.0,6202320.0,0.0,0.0,7337.39,0.0,596.07,0.0,0.0,0.0,0.0,0.0,0.0,0.0,0.0,0.0,2013
,,2396067,766953,,,,,,,,,,,,,,,,,,,,,,,,,,,,,,,,33844.55,8099.7,15689144.0,0.0,172100000.0,368.2,18777313.0,8716664.0,242609.08,0.0,9922.91,0.0,5061547.399999999,5061547.399999999,195349.0,4604993.0,5698387.0,0.0,39939.0,25147.0,112789.0,2013
,,7105,2014,,,,,,,,,,,,,,,,,,,,,,,,,,,,,,,,0.0,25.97,0.0,0.0,0.0,0.0,0.0,0.0,0.0,0.0,0.0,0.0,0.0,0.0,0.0,0.0,0.0,0.0,0.0,0.0,0.0,2014
,,6820,2014,,,,,,,,,,,,,,,,,,,,,,,,,,,,,,,,0.0,3.23,0.0,0.0,0.0,0.0,0.0,0.0,0.0,0.0,0.0,0.0,0.0,0.0,0.0,0.0,0.0,0.0,0.0,0.0,0.0,2014
,,6880,2014,,,,,,,,,,,,,,,,,,,,,,,,,,,,,,,,0.0,705.52,0.0,0.0,0.0,0.0,0.0,0.0,0.0,0.0,0.0,0.0,0.0,0.0,0.0,0.0,0.0,0.0,0.0,0.0,0.0,2014
,,27364,8056,,,,,,,,,,,,,,,,,,,,,,,,,,,,,,,,0.0,20.71,0.0,109.0,0.0,0.0,0.0,0.0,0.0,0.0,0.0,0.0,0.0,0.0,0.0,0.0,0.0,0.0,0.0,0.0,0.0,2014
,,6642,2014,,,,,,,,,,,,,,,,,,,,,,,,,,,,,,,,0.0,0.0,0.0,0.0,0.0,0.0,0.0,0.0,0.0,0.0,0.0,0.0,0.0,0.0,0.0,0.0,0.0,7032.0,0.0,0.0,0.0,2014
,,6723,2014,,,,,,,,,,,,,,,,,,,,,,,,,,,,,,,,0.0,13.38,0.0,0.0,0.0,0.0,0.0,0.0,0.0,0.0,0.0,0.0,0.0,0.0,0.0,0.0,0.0,0.0,0.0,0.0,0.0,2014
,,34096,10070,,,,,,,,,,,,,,,,,,,,,,,,,,,,,,,,0.0,251.35,0.0,513.0,0.0,0.0,0.0,0.0,0.0,0.0,0.0,0.0,0.0,0.0,0.0,0.0,0.0,0.0,0.0,0.0,0.0,2014
,,6821,2014,,,,,,,,,,,,,,,,,,,,,,,,,,,,,,,,0.0,8.37,0.0,0.0,0.0,0.0,0.0,0.0,0.0,0.0,0.0,0.0,0.0,0.0,0.0,0.0,0.0,0.0,0.0,0.0,0.0,2014
,,20938,6042,,,,,,,,,,,,,,,,,,,,,,,,,,,,,,,,0.0,67.17,0.0,0.0,0.0,0.0,0.0,0.0,0.0,0.0,0.0,0.0,0.0,0.0,0.0,0.0,0.0,0.0,0.0,0.0,0.0,2014
,,6643,2014,,,,,,,,,,,,,,,,,,,,,,,,,,,,,,,,0.0,0.0,0.0,0.0,0.0,0.0,0.0,0.0,0.0,0.0,0.0,0.0,0.0,0.0,0.0,0.0,0.0,4265.0,0.0,0.0,0.0,2014
,,64841,18126,,,,,,,,,,,,,,,,,,,,,,,,,,,,,,,,0.0,48.15,0.0,0.0,0.0,0.0,777733.0,0.0,0.0,1305.5700000000002,0.0,34.38,0.0,0.0,0.0,0.0,0.0,0.0,0.0,0.0,0.0,2014
,,98754,28196,,,,,,,,,,,,,,,,,,,,,,,,,,,,,,,,0.0,190.22,0.0,324239.0,0.0,0.0,646003.0,0.0,0.0,835.61,0.0,0.0,0.0,0.0,0.0,0.0,0.0,0.0,0.0,0.0,0.0,2014
,,7109,2014,,,,,,,,,,,,,,,,,,,,,,,,,,,,,,,,0.0,11.26,0.0,0.0,0.0,0.0,0.0,0.0,0.0,0.0,0.0,0.0,0.0,0.0,0.0,0.0,0.0,0.0,0.0,0.0,0.0,2014
,,57775,16112,,,,,,,,,,,,,,,,,,,,,,,,,,,,,,,,0.0,16.799999999999997,0.0,0.0,0.0,0.0,259606.0,0.0,0.0,94.31,0.0,5.43,0.0,0.0,0.0,0.0,0.0,0.0,0.0,0.0,0.0,2014
,,6644,2014,,,,,,,,,,,,,,,,,,,,,,,,,,,,,,,,0.0,0.0,0.0,0.0,0.0,0.0,0.0,0.0,0.0,0.0,0.0,0.0,0.0,0.0,0.0,0.0,0.0,397226.0,0.0,0.0,0.0,2014
,,6645,2014,,,,,,,,,,,,,,,,,,,,,,,,,,,,,,,,0.0,0.0,0.0,0.0,0.0,0.0,0.0,0.0,0.0,0.0,0.0,0.0,0.0,0.0,0.0,0.0,0.0,9809.0,0.0,0.0,0.0,2014
,,27380,8056,,,,,,,,,,,,,,,,,,,,,,,,,,,,,,,,0.0,8.530000000000001,0.0,17.0,0.0,0.0,0.0,0.0,0.0,0.0,0.0,0.0,0.0,0.0,0.0,0.0,0.0,0.0,0.0,0.0,0.0,2014
,,84422,24168,,,,,,,,,,,,,,,,,,,,,,,,,,,,,,,,0.0,687.4200000000001,0.0,1694492.0,0.0,0.0,6243755.0,0.0,0.0,4444.18,0.0,0.0,0.0,0.0,0.0,0.0,0.0,0.0,0.0,0.0,0.0,2014
,,6646,2014,,,,,,,,,,,,,,,,,,,,,,,,,,,,,,,,0.0,0.0,0.0,0.0,0.0,0.0,0.0,0.0,0.0,0.0,0.0,0.0,0.0,0.0,0.0,0.0,0.0,191845.0,0.0,0.0,0.0,2014
,,6881,2014,,,,,,,,,,,,,,,,,,,,,,,,,,,,,,,,0.0,707.04,0.0,0.0,0.0,0.0,0.0,0.0,0.0,0.0,0.0,0.0,0.0,0.0,0.0,0.0,0.0,0.0,0.0,0.0,0.0,2014
,,327157,94658,,,,,,,,,,,,,,,,,,,,,,,,,,,,,,,,0.0,9800.93,0.0,7838064.0,0.0,0.0,76121094.0,0.0,0.0,105941.93,0.0,2701.78,0.0,0.0,0.0,0.0,0.0,0.0,0.0,0.0,0.0,2014
,,86801,24168,,,,,,,,,,,,,,,,,,,,,,,,,,,,,,,,0.0,1026.08,0.0,0.0,0.0,0.0,13057932.0,0.0,0.0,12933.12,0.0,233.29,0.0,0.0,0.0,0.0,0.0,0.0,0.0,0.0,0.0,2014
,,98146,28196,,,,,,,,,,,,,,,,,,,,,,,,,,,,,,,,0.0,759.41,0.0,1889724.0,0.0,0.0,11169325.0,0.0,0.0,7009.42,0.0,0.0,0.0,0.0,0.0,0.0,0.0,0.0,0.0,0.0,0.0,2014
,,212519,60420,,,,,,,,,,,,,,,,,,,,,,,,,,,,,,,,0.0,3323.56,0.0,2041815.0,0.0,0.0,25038996.0,0.0,0.0,43732.71,0.0,1654.47,0.0,0.0,0.0,0.0,0.0,0.0,0.0,0.0,0.0,2014
,,13707,4028,,,,,,,,,,,,,,,,,,,,,,,,,,,,,,,,0.0,60.66,0.0,276.0,0.0,0.0,0.0,0.0,0.0,0.0,0.0,0.0,0.0,0.0,0.0,0.0,0.0,0.0,0.0,0.0,0.0,2014
,,98570,28196,,,,,,,,,,,,,,,,,,,,,,,,,,,,,,,,0.0,110.87,0.0,253931.0,0.0,0.0,1455133.0,0.0,0.0,713.32,0.0,0.0,0.0,0.0,0.0,0.0,0.0,0.0,0.0,0.0,0.0,2014
,,6647,2014,,,,,,,,,,,,,,,,,,,,,,,,,,,,,,,,0.0,0.0,0.0,0.0,0.0,0.0,0.0,0.0,0.0,0.0,0.0,0.0,0.0,0.0,0.0,0.0,0.0,869031.0,0.0,0.0,0.0,2014
,,317992,92644,,,,,,,,,,,,,,,,,,,,,,,,,,,,,,,,0.0,1571.06,0.0,356990.0,0.0,0.0,3008326.0,0.0,0.0,26242.91,0.0,274.13,0.0,0.0,0.0,0.0,0.0,172396.7,0.0,0.0,0.0,2014
,,27428,8056,,,,,,,,,,,,,,,,,,,,,,,,,,,,,,,,0.0,3.4000000000000004,0.0,10.0,0.0,0.0,0.0,0.0,0.0,0.0,0.0,0.0,0.0,0.0,0.0,0.0,0.0,0.0,0.0,0.0,0.0,2014
,,56326,16112,,,,,,,,,,,,,,,,,,,,,,,,,,,,,,,,0.0,48.42,0.0,0.0,0.0,0.0,127141.0,0.0,0.0,0.0,0.0,0.0,0.0,0.0,0.0,0.0,0.0,0.0,0.0,0.0,0.0,2014
,,13508,4028,,,,,,,,,,,,,,,,,,,,,,,,,,,,,,,,0.0,27.81,0.0,0.0,0.0,0.0,0.0,0.0,0.0,562.09,0.0,0.0,0.0,0.0,0.0,0.0,0.0,0.0,0.0,0.0,0.0,2014
,,6830,2014,,,,,,,,,,,,,,,,,,,,,,,,,,,,,,,,0.0,20.03,0.0,0.0,0.0,0.0,0.0,0.0,0.0,0.0,0.0,0.0,0.0,0.0,0.0,0.0,0.0,0.0,0.0,0.0,0.0,2014
,,13717,4028,,,,,,,,,,,,,,,,,,,,,,,,,,,,,,,,0.0,20.45,0.0,19.0,0.0,0.0,0.0,0.0,0.0,0.0,0.0,0.0,0.0,0.0,0.0,0.0,0.0,0.0,0.0,0.0,0.0,2014
,,6922,2014,,,,,,,,,,,,,,,,,,,,,,,,,,,,,,,,0.0,56.37,0.0,0.0,0.0,0.0,0.0,0.0,0.0,0.0,0.0,0.0,0.0,0.0,0.0,0.0,0.0,0.0,0.0,0.0,0.0,2014
,,6923,2014,,,,,,,,,,,,,,,,,,,,,,,,,,,,,,,,0.0,16.68,0.0,0.0,0.0,0.0,0.0,0.0,0.0,0.0,0.0,0.0,0.0,0.0,0.0,0.0,0.0,0.0,0.0,0.0,0.0,2014
,,219460,62434,,,,,,,,,,,,,,,,,,,,,,,,,,,,,,,,0.0,3501.36,0.0,1420764.0,0.0,0.0,24924096.0,0.0,0.0,42150.62,0.0,2552.77,0.0,0.0,0.0,0.0,0.0,0.0,0.0,0.0,0.0,2014
,,6649,2014,,,,,,,,,,,,,,,,,,,,,,,,,,,,,,,,0.0,0.0,0.0,0.0,0.0,0.0,0.0,0.0,0.0,0.0,0.0,0.0,0.0,0.0,0.0,0.0,0.0,57540.0,0.0,0.0,0.0,2014
,,85431,24168,,,,,,,,,,,,,,,,,,,,,,,,,,,,,,,,0.0,640.83,0.0,0.0,0.0,0.0,6567860.0,0.0,0.0,9481.79,0.0,425.11,0.0,0.0,0.0,0.0,0.0,0.0,0.0,0.0,0.0,2014
,,2696833,779418,,,,,,,,,,,,,,,,,,,,,,,,,,,,,,,,31491.41,7738.379999999999,15820963.0,0.0,189034954.0,405.6,19637954.0,8188902.0,255447.57,0.0,7881.36,0.0,6822042.79,6822042.79,198088.0,3904117.0,6179503.0,0.0,34735.0,23382.0,124300.0,2014
,,7789,2015,,,,,,,,,,,,,,,,,,,,,,,,,,,,,,,,0.0,25.04,0.0,0.0,0.0,0.0,0.0,0.0,0.0,0.0,0.0,0.0,0.0,0.0,0.0,0.0,0.0,0.0,0.0,0.0,0.0,2015
,,7499,2015,,,,,,,,,,,,,,,,,,,,,,,,,,,,,,,,0.0,2.93,0.0,0.0,0.0,0.0,0.0,0.0,0.0,0.0,0.0,0.0,0.0,0.0,0.0,0.0,0.0,0.0,0.0,0.0,0.0,2015
,,7557,2015,,,,,,,,,,,,,,,,,,,,,,,,,,,,,,,,0.0,765.31,0.0,0.0,0.0,0.0,0.0,0.0,0.0,0.0,0.0,0.0,0.0,0.0,0.0,0.0,0.0,0.0,0.0,0.0,0.0,2015
,,30080,8060,,,,,,,,,,,,,,,,,,,,,,,,,,,,,,,,0.0,20.77,0.0,108.0,0.0,0.0,0.0,0.0,0.0,0.0,0.0,0.0,0.0,0.0,0.0,0.0,0.0,0.0,0.0,0.0,0.0,2015
,,7329,2015,,,,,,,,,,,,,,,,,,,,,,,,,,,,,,,,0.0,0.0,0.0,0.0,0.0,0.0,0.0,0.0,0.0,0.0,0.0,0.0,0.0,0.0,0.0,0.0,0.0,7032.0,0.0,0.0,0.0,2015
,,7407,2015,,,,,,,,,,,,,,,,,,,,,,,,,,,,,,,,0.0,13.03,0.0,0.0,0.0,0.0,0.0,0.0,0.0,0.0,0.0,0.0,0.0,0.0,0.0,0.0,0.0,0.0,0.0,0.0,0.0,2015
,,37496,10075,,,,,,,,,,,,,,,,,,,,,,,,,,,,,,,,0.0,220.83,0.0,477.0,0.0,0.0,0.0,0.0,0.0,0.0,0.0,0.0,0.0,0.0,0.0,0.0,0.0,0.0,0.0,0.0,0.0,2015
,,7500,2015,,,,,,,,,,,,,,,,,,,,,,,,,,,,,,,,0.0,6.58,0.0,0.0,0.0,0.0,0.0,0.0,0.0,0.0,0.0,0.0,0.0,0.0,0.0,0.0,0.0,0.0,0.0,0.0,0.0,2015
,,22990,6045,,,,,,,,,,,,,,,,,,,,,,,,,,,,,,,,0.0,99.77,0.0,0.0,0.0,0.0,0.0,0.0,0.0,0.0,0.0,0.0,0.0,0.0,0.0,0.0,0.0,0.0,0.0,0.0,0.0,2015
,,7330,2015,,,,,,,,,,,,,,,,,,,,,,,,,,,,,,,,0.0,0.0,0.0,0.0,0.0,0.0,0.0,0.0,0.0,0.0,0.0,0.0,0.0,0.0,0.0,0.0,0.0,4458.0,0.0,0.0,0.0,2015
,,70967,18135,,,,,,,,,,,,,,,,,,,,,,,,,,,,,,,,0.0,65.11,0.0,0.0,0.0,0.0,938896.0,0.0,0.0,1831.96,0.0,40.24,0.0,0.0,0.0,0.0,0.0,0.0,0.0,0.0,0.0,2015
,,123551,32240,,,,,,,,,,,,,,,,,,,,,,,,,,,,,,,,0.0,187.61,0.0,322506.0,0.0,0.0,651340.0,0.0,0.0,737.45,0.0,0.0,0.0,0.0,0.0,0.0,0.0,0.0,0.0,0.0,0.0,2015
,,7793,2015,,,,,,,,,,,,,,,,,,,,,,,,,,,,,,,,0.0,12.62,0.0,0.0,0.0,0.0,0.0,0.0,0.0,0.0,0.0,0.0,0.0,0.0,0.0,0.0,0.0,0.0,0.0,0.0,0.0,2015
,,63217,16120,,,,,,,,,,,,,,,,,,,,,,,,,,,,,,,,0.0,35.650000000000006,0.0,0.0,0.0,0.0,597626.0,0.0,0.0,228.72,0.0,7.23,0.0,0.0,0.0,0.0,0.0,0.0,0.0,0.0,0.0,2015
,,7331,2015,,,,,,,,,,,,,,,,,,,,,,,,,,,,,,,,0.0,0.0,0.0,0.0,0.0,0.0,0.0,0.0,0.0,0.0,0.0,0.0,0.0,0.0,0.0,0.0,0.0,402198.0,0.0,0.0,0.0,2015
,,30096,8060,,,,,,,,,,,,,,,,,,,,,,,,,,,,,,,,0.0,8.29,0.0,16.0,0.0,0.0,0.0,0.0,0.0,0.0,0.0,0.0,0.0,0.0,0.0,0.0,0.0,0.0,0.0,0.0,0.0,2015
,,92908,24180,,,,,,,,,,,,,,,,,,,,,,,,,,,,,,,,0.0,709.53,0.0,1719881.0,0.0,0.0,3319151.0,0.0,0.0,3733.46,0.0,0.0,0.0,0.0,0.0,0.0,0.0,0.0,0.0,0.0,0.0,2015
,,7332,2015,,,,,,,,,,,,,,,,,,,,,,,,,,,,,,,,0.0,0.0,0.0,0.0,0.0,0.0,0.0,0.0,0.0,0.0,0.0,0.0,0.0,0.0,0.0,0.0,0.0,284719.14,0.0,0.0,0.0,2015
,,7558,2015,,,,,,,,,,,,,,,,,,,,,,,,,,,,,,,,0.0,736.16,0.0,0.0,0.0,0.0,0.0,0.0,0.0,0.0,0.0,0.0,0.0,0.0,0.0,0.0,0.0,0.0,0.0,0.0,0.0,2015
,,359209,94705,,,,,,,,,,,,,,,,,,,,,,,,,,,,,,,,0.0,9283.06,0.0,7508992.0,0.0,0.0,79363064.0,0.0,0.0,100926.43,0.0,2479.2000000000003,0.0,0.0,0.0,0.0,0.0,0.0,0.0,0.0,0.0,2015
,,94964,24180,,,,,,,,,,,,,,,,,,,,,,,,,,,,,,,,0.0,764.44,0.0,0.0,0.0,0.0,11027760.0,0.0,0.0,10662.89,0.0,195.98,0.0,0.0,0.0,0.0,0.0,0.0,0.0,0.0,0.0,2015
,,232944,60450,,,,,,,,,,,,,,,,,,,,,,,,,,,,,,,,0.0,3271.33,0.0,2225206.0,0.0,0.0,32552548.0,0.0,0.0,48245.29,0.0,1755.46,0.0,0.0,0.0,0.0,0.0,0.0,0.0,0.0,0.0,2015
,,15065,4030,,,,,,,,,,,,,,,,,,,,,,,,,,,,,,,,0.0,66.59,0.0,289.0,0.0,0.0,0.0,0.0,0.0,0.0,0.0,0.0,0.0,0.0,0.0,0.0,0.0,0.0,0.0,0.0,0.0,2015
,,115824,30225,,,,,,,,,,,,,,,,,,,,,,,,,,,,,,,,0.0,110.92,0.0,254298.0,0.0,0.0,1504316.0,0.0,0.0,642.71,0.0,0.0,0.0,0.0,0.0,0.0,0.0,0.0,0.0,0.0,0.0,2015
,,7333,2015,,,,,,,,,,,,,,,,,,,,,,,,,,,,,,,,0.0,0.0,0.0,0.0,0.0,0.0,0.0,0.0,0.0,0.0,0.0,0.0,0.0,0.0,0.0,0.0,0.0,870879.0,0.0,0.0,0.0,2015
,,349344,92690,,,,,,,,,,,,,,,,,,,,,,,,,,,,,,,,0.0,1179.55,0.0,351035.0,0.0,0.0,3357129.0,0.0,0.0,16613.0,0.0,228.71,0.0,0.0,0.0,0.0,0.0,76905.3,0.0,0.0,0.0,2015
,,30144,8060,,,,,,,,,,,,,,,,,,,,,,,,,,,,,,,,0.0,4.0,0.0,9.0,0.0,0.0,0.0,0.0,0.0,0.0,0.0,0.0,0.0,0.0,0.0,0.0,0.0,0.0,0.0,0.0,0.0,2015
,,61778,16120,,,,,,,,,,,,,,,,,,,,,,,,,,,,,,,,0.0,48.17,0.0,0.0,0.0,0.0,126852.0,0.0,0.0,0.0,0.0,0.0,0.0,0.0,0.0,0.0,0.0,0.0,0.0,0.0,0.0,2015
,,14870,4030,,,,,,,,,,,,,,,,,,,,,,,,,,,,,,,,0.0,26.35,0.0,0.0,0.0,0.0,0.0,0.0,0.0,519.65,0.0,0.0,0.0,0.0,0.0,0.0,0.0,0.0,0.0,0.0,0.0,2015
,,7508,2015,,,,,,,,,,,,,,,,,,,,,,,,,,,,,,,,0.0,19.74,0.0,0.0,0.0,0.0,0.0,0.0,0.0,0.0,0.0,0.0,0.0,0.0,0.0,0.0,0.0,0.0,0.0,0.0,0.0,2015
,,15075,4030,,,,,,,,,,,,,,,,,,,,,,,,,,,,,,,,0.0,19.74,0.0,16.0,0.0,0.0,0.0,0.0,0.0,0.0,0.0,0.0,0.0,0.0,0.0,0.0,0.0,0.0,0.0,0.0,0.0,2015
,,7601,2015,,,,,,,,,,,,,,,,,,,,,,,,,,,,,,,,0.0,58.41,0.0,0.0,0.0,0.0,0.0,0.0,0.0,0.0,0.0,0.0,0.0,0.0,0.0,0.0,0.0,0.0,0.0,0.0,0.0,2015
,,7602,2015,,,,,,,,,,,,,,,,,,,,,,,,,,,,,,,,0.0,12.55,0.0,0.0,0.0,0.0,0.0,0.0,0.0,0.0,0.0,0.0,0.0,0.0,0.0,0.0,0.0,0.0,0.0,0.0,0.0,2015
,,286133,74555,,,,,,,,,,,,,,,,,,,,,,,,,,,,,,,,0.0,4538.53,0.0,3748385.0,0.0,0.0,40686002.0,0.0,0.0,61326.42,0.0,2223.55,0.0,0.0,0.0,0.0,0.0,0.0,0.0,0.0,0.0,2015
,,7335,2015,,,,,,,,,,,,,,,,,,,,,,,,,,,,,,,,0.0,0.0,0.0,0.0,0.0,0.0,0.0,0.0,0.0,0.0,0.0,0.0,0.0,0.0,0.0,0.0,0.0,60690.0,0.0,0.0,0.0,2015
,,93597,24180,,,,,,,,,,,,,,,,,,,,,,,,,,,,,,,,0.0,641.3299999999999,0.0,0.0,0.0,0.0,6297648.0,0.0,0.0,9221.72,0.0,386.99,0.0,0.0,0.0,0.0,0.0,0.0,0.0,0.0,0.0,2015
,,2946516,775775,,,,,,,,,,,,,,,,,,,,,,,,,,,,,,,,31174.55,8220.56,16131218.0,0.0,200896104.0,432.2,20473772.0,7314915.0,254689.69,0.0,7317.36,0.0,8595117.7,8595117.7,202199.0,3746513.0,5997741.0,0.0,27655.0,20979.0,138501.0,2015
,,8236,2016,,,,,,,,,,,,,,,,,,,,,,,,,,,,,,,,0.0,11.01,0.0,0.0,0.0,0.0,0.0,0.0,0.0,0.0,0.0,0.0,0.0,0.0,0.0,0.0,0.0,0.0,0.0,0.0,0.0,2016
,,8462,2016,,,,,,,,,,,,,,,,,,,,,,,,,,,,,,,,0.0,21.52,0.0,0.0,0.0,0.0,0.0,0.0,0.0,0.0,0.0,0.0,0.0,0.0,0.0,0.0,0.0,0.0,0.0,0.0,0.0,2016
,,8178,2016,,,,,,,,,,,,,,,,,,,,,,,,,,,,,,,,0.0,3.64,0.0,0.0,0.0,0.0,0.0,0.0,0.0,0.0,0.0,0.0,0.0,0.0,0.0,0.0,0.0,0.0,0.0,0.0,0.0,2016
,,8237,2016,,,,,,,,,,,,,,,,,,,,,,,,,,,,,,,,0.0,803.66,0.0,0.0,0.0,0.0,0.0,0.0,0.0,0.0,0.0,0.0,0.0,0.0,0.0,0.0,0.0,0.0,0.0,0.0,0.0,2016
,,32800,8064,,,,,,,,,,,,,,,,,,,,,,,,,,,,,,,,0.0,20.94,0.0,106.0,0.0,0.0,0.0,0.0,0.0,0.0,0.0,0.0,0.0,0.0,0.0,0.0,0.0,0.0,0.0,0.0,0.0,2016
,,8008,2016,,,,,,,,,,,,,,,,,,,,,,,,,,,,,,,,0.0,0.0,0.0,0.0,0.0,0.0,0.0,0.0,0.0,0.0,0.0,0.0,0.0,0.0,0.0,0.0,0.0,7032.0,0.0,0.0,0.0,2016
,,8085,2016,,,,,,,,,,,,,,,,,,,,,,,,,,,,,,,,0.0,12.44,0.0,0.0,0.0,0.0,0.0,0.0,0.0,0.0,0.0,0.0,0.0,0.0,0.0,0.0,0.0,0.0,0.0,0.0,0.0,2016
,,40894,10080,,,,,,,,,,,,,,,,,,,,,,,,,,,,,,,,0.0,236.31,0.0,476.0,0.0,0.0,0.0,0.0,0.0,0.0,0.0,0.0,0.0,0.0,0.0,0.0,0.0,0.0,0.0,0.0,0.0,2016
,,8179,2016,,,,,,,,,,,,,,,,,,,,,,,,,,,,,,,,0.0,5.45,0.0,0.0,0.0,0.0,0.0,0.0,0.0,0.0,0.0,0.0,0.0,0.0,0.0,0.0,0.0,0.0,0.0,0.0,0.0,2016
,,25014,6048,,,,,,,,,,,,,,,,,,,,,,,,,,,,,,,,0.0,76.27,0.0,0.0,0.0,0.0,0.0,0.0,0.0,0.0,0.0,0.0,0.0,0.0,0.0,0.0,0.0,0.0,0.0,0.0,0.0,2016
,,8009,2016,,,,,,,,,,,,,,,,,,,,,,,,,,,,,,,,0.0,0.0,0.0,0.0,0.0,0.0,0.0,0.0,0.0,0.0,0.0,0.0,0.0,0.0,0.0,0.0,0.0,4458.0,0.0,0.0,0.0,2016
,,68549,16128,,,,,,,,,,,,,,,,,,,,,,,,,,,,,,,,0.0,72.65,0.0,0.0,0.0,0.0,1002390.0,0.0,0.0,1819.47,0.0,41.24,0.0,0.0,0.0,0.0,0.0,0.0,0.0,0.0,0.0,2016
,,150943,36288,,,,,,,,,,,,,,,,,,,,,,,,,,,,,,,,0.0,302.66,0.0,570285.0,0.0,0.0,1197235.0,0.0,0.0,1212.92,0.0,0.0,0.0,0.0,0.0,0.0,0.0,0.0,0.0,0.0,0.0,2016
,,8466,2016,,,,,,,,,,,,,,,,,,,,,,,,,,,,,,,,0.0,8.94,0.0,0.0,0.0,0.0,0.0,0.0,0.0,0.0,0.0,0.0,0.0,0.0,0.0,0.0,0.0,0.0,0.0,0.0,0.0,2016
,,135581,32256,,,,,,,,,,,,,,,,,,,,,,,,,,,,,,,,0.0,54.99,0.0,77995.0,0.0,0.0,2128534.0,0.0,0.0,526.2,0.0,6.67,0.0,0.0,0.0,0.0,0.0,0.0,0.0,0.0,0.0,2016
,,8010,2016,,,,,,,,,,,,,,,,,,,,,,,,,,,,,,,,0.0,0.0,0.0,0.0,0.0,0.0,0.0,0.0,0.0,0.0,0.0,0.0,0.0,0.0,0.0,0.0,0.0,406071.0,0.0,0.0,0.0,2016
,,32816,8064,,,,,,,,,,,,,,,,,,,,,,,,,,,,,,,,0.0,8.3,0.0,18.0,0.0,0.0,0.0,0.0,0.0,0.0,0.0,0.0,0.0,0.0,0.0,0.0,0.0,0.0,0.0,0.0,0.0,2016
,,8011,2016,,,,,,,,,,,,,,,,,,,,,,,,,,,,,,,,0.0,0.0,0.0,0.0,0.0,0.0,0.0,0.0,0.0,0.0,0.0,0.0,0.0,0.0,0.0,0.0,0.0,291525.0,0.0,0.0,0.0,2016
,,8238,2016,,,,,,,,,,,,,,,,,,,,,,,,,,,,,,,,0.0,771.83,0.0,0.0,0.0,0.0,0.0,0.0,0.0,0.0,0.0,0.0,0.0,0.0,0.0,0.0,0.0,0.0,0.0,0.0,0.0,2016
,,390884,94752,,,,,,,,,,,,,,,,,,,,,,,,,,,,,,,,0.0,9178.39,0.0,7144185.0,0.0,0.0,81129505.0,0.0,0.0,97828.69,0.0,3749.1,0.0,0.0,0.0,0.0,0.0,0.0,0.0,0.0,0.0,2016
,,102981,24192,,,,,,,,,,,,,,,,,,,,,,,,,,,,,,,,0.0,543.45,0.0,0.0,0.0,0.0,7060267.0,0.0,0.0,7863.33,0.0,107.02,0.0,0.0,0.0,0.0,0.0,0.0,0.0,0.0,0.0,2016
,,261518,62496,,,,,,,,,,,,,,,,,,,,,,,,,,,,,,,,0.0,4343.139999999999,0.0,4104865.0,0.0,0.0,44714775.0,0.0,0.0,57287.99,0.0,1814.26,0.0,0.0,0.0,0.0,0.0,0.0,0.0,0.0,0.0,2016
,,16425,4032,,,,,,,,,,,,,,,,,,,,,,,,,,,,,,,,0.0,66.88,0.0,254.0,0.0,0.0,0.0,0.0,0.0,0.0,0.0,0.0,0.0,0.0,0.0,0.0,0.0,0.0,0.0,0.0,0.0,2016
,,8012,2016,,,,,,,,,,,,,,,,,,,,,,,,,,,,,,,,0.0,0.0,0.0,0.0,0.0,0.0,0.0,0.0,0.0,0.0,0.0,0.0,0.0,0.0,0.0,0.0,0.0,872035.0,0.0,0.0,0.0,2016
,,380417,92736,,,,,,,,,,,,,,,,,,,,,,,,,,,,,,,,0.0,1032.28,0.0,346847.0,0.0,0.0,4666900.0,0.0,0.0,12453.55,0.0,103.94,0.0,0.0,0.0,0.0,0.0,73190.97,0.0,0.0,0.0,2016
,,32864,8064,,,,,,,,,,,,,,,,,,,,,,,,,,,,,,,,0.0,3.26,0.0,10.0,0.0,0.0,0.0,0.0,0.0,0.0,0.0,0.0,0.0,0.0,0.0,0.0,0.0,0.0,0.0,0.0,0.0,2016
,,67171,16128,,,,,,,,,,,,,,,,,,,,,,,,,,,,,,,,0.0,48.86,0.0,0.0,0.0,0.0,123448.0,0.0,0.0,0.0,0.0,0.0,0.0,0.0,0.0,0.0,0.0,0.0,0.0,0.0,0.0,2016
,,16228,4032,,,,,,,,,,,,,,,,,,,,,,,,,,,,,,,,0.0,26.35,0.0,0.0,0.0,0.0,0.0,0.0,0.0,519.65,0.0,0.0,0.0,0.0,0.0,0.0,0.0,0.0,0.0,0.0,0.0,2016
,,8187,2016,,,,,,,,,,,,,,,,,,,,,,,,,,,,,,,,0.0,28.21,0.0,0.0,0.0,0.0,0.0,0.0,0.0,0.0,0.0,0.0,0.0,0.0,0.0,0.0,0.0,0.0,0.0,0.0,0.0,2016
,,16435,4032,,,,,,,,,,,,,,,,,,,,,,,,,,,,,,,,0.0,21.16,0.0,16.0,0.0,0.0,0.0,0.0,0.0,0.0,0.0,0.0,0.0,0.0,0.0,0.0,0.0,0.0,0.0,0.0,0.0,2016
,,8277,2016,,,,,,,,,,,,,,,,,,,,,,,,,,,,,,,,0.0,56.71,0.0,0.0,0.0,0.0,0.0,0.0,0.0,0.0,0.0,0.0,0.0,0.0,0.0,0.0,0.0,0.0,0.0,0.0,0.0,2016
,,16284,4032,,,,,,,,,,,,,,,,,,,,,,,,,,,,,,,,0.0,100.28,0.0,0.0,0.0,0.0,0.0,0.0,0.0,0.0,0.0,0.0,0.0,0.0,0.0,0.0,0.0,0.0,0.0,0.0,0.0,2016
,,8278,2016,,,,,,,,,,,,,,,,,,,,,,,,,,,,,,,,0.0,7.78,0.0,0.0,0.0,0.0,0.0,0.0,0.0,0.0,0.0,0.0,0.0,0.0,0.0,0.0,0.0,0.0,0.0,0.0,0.0,2016
,,311016,74592,,,,,,,,,,,,,,,,,,,,,,,,,,,,,,,,0.0,4662.94,0.0,4048945.0,0.0,0.0,44571695.0,0.0,0.0,66160.89,0.0,2807.94,0.0,0.0,0.0,0.0,0.0,0.0,0.0,0.0,0.0,2016
,,8014,2016,,,,,,,,,,,,,,,,,,,,,,,,,,,,,,,,0.0,0.0,0.0,0.0,0.0,0.0,0.0,0.0,0.0,0.0,0.0,0.0,0.0,0.0,0.0,0.0,0.0,65919.0,0.0,0.0,0.0,2016
,,101653,24192,,,,,,,,,,,,,,,,,,,,,,,,,,,,,,,,0.0,664.1,0.0,0.0,0.0,0.0,6169950.0,0.0,0.0,9722.9,0.0,432.9,0.0,0.0,0.0,0.0,0.0,0.0,0.0,0.0,0.0,2016
,,3224087,780192,,,,,,,,,,,,,,,,,,,,,,,,,,,,,,,,31794.6,8600.16,16294002.0,0.0,214353992.0,460.7000000000001,21589293.0,7418147.0,255395.61,0.0,9063.07,0.0,13493600.18,13493600.18,197251.0,3862519.0,6619413.0,0.0,22051.0,17667.0,147646.0,2016
,,8913,2017,,,,,,,,,,,,,,,,,,,,,,,,,,,,,,,,0.0,11.77,0.0,0.0,0.0,0.0,0.0,0.0,0.0,0.0,0.0,0.0,0.0,0.0,0.0,0.0,0.0,0.0,0.0,0.0,0.0,2017
,,9138,2017,,,,,,,,,,,,,,,,,,,,,,,,,,,,,,,,0.0,21.32,0.0,0.0,0.0,0.0,0.0,0.0,0.0,0.0,0.0,0.0,0.0,0.0,0.0,0.0,0.0,0.0,0.0,0.0,0.0,2017
,,8855,2017,,,,,,,,,,,,,,,,,,,,,,,,,,,,,,,,0.0,4.97,0.0,0.0,0.0,0.0,0.0,0.0,0.0,0.0,0.0,0.0,0.0,0.0,0.0,0.0,0.0,0.0,0.0,0.0,0.0,2017
,,8914,2017,,,,,,,,,,,,,,,,,,,,,,,,,,,,,,,,0.0,800.2,0.0,0.0,0.0,0.0,0.0,0.0,0.0,0.0,0.0,0.0,0.0,0.0,0.0,0.0,0.0,0.0,0.0,0.0,0.0,2017
,,35508,8068,,,,,,,,,,,,,,,,,,,,,,,,,,,,,,,,0.0,21.3,0.0,190.0,0.0,0.0,0.0,0.0,0.0,0.0,0.0,0.0,0.0,0.0,0.0,0.0,0.0,0.0,0.0,0.0,0.0,2017
,,8675,2017,,,,,,,,,,,,,,,,,,,,,,,,,,,,,,,,0.0,0.0,0.0,0.0,0.0,0.0,0.0,0.0,0.0,0.0,0.0,0.0,0.0,0.0,0.0,0.0,0.0,7032.0,0.0,0.0,0.0,2017
,,8760,2017,,,,,,,,,,,,,,,,,,,,,,,,,,,,,,,,0.0,14.5,0.0,0.0,0.0,0.0,0.0,0.0,0.0,0.0,0.0,0.0,0.0,0.0,0.0,0.0,0.0,0.0,0.0,0.0,0.0,2017
,,44277,10085,,,,,,,,,,,,,,,,,,,,,,,,,,,,,,,,0.0,242.72,0.0,481.0,0.0,0.0,0.0,0.0,0.0,0.0,0.0,0.0,0.0,0.0,0.0,0.0,0.0,0.0,0.0,0.0,0.0,2017
,,8856,2017,,,,,,,,,,,,,,,,,,,,,,,,,,,,,,,,0.0,5.86,0.0,0.0,0.0,0.0,0.0,0.0,0.0,0.0,0.0,0.0,0.0,0.0,0.0,0.0,0.0,0.0,0.0,0.0,0.0,2017
,,27041,6051,,,,,,,,,,,,,,,,,,,,,,,,,,,,,,,,0.0,52.85,0.0,0.0,0.0,0.0,0.0,0.0,0.0,0.0,0.0,0.0,0.0,0.0,0.0,0.0,0.0,0.0,0.0,0.0,0.0,2017
,,8676,2017,,,,,,,,,,,,,,,,,,,,,,,,,,,,,,,,0.0,0.0,0.0,0.0,0.0,0.0,0.0,0.0,0.0,0.0,0.0,0.0,0.0,0.0,0.0,0.0,0.0,4594.0,0.0,0.0,0.0,2017
,,73956,16136,,,,,,,,,,,,,,,,,,,,,,,,,,,,,,,,0.0,78.30000000000001,0.0,0.0,0.0,0.0,1811438.0,0.0,0.0,2084.84,0.0,38.55,0.0,0.0,0.0,0.0,0.0,0.0,0.0,0.0,0.0,2017
,,163132,36306,,,,,,,,,,,,,,,,,,,,,,,,,,,,,,,,0.0,295.57,0.0,535512.0,0.0,0.0,1162276.0,0.0,0.0,1058.3,0.0,0.0,0.0,0.0,0.0,0.0,0.0,0.0,0.0,0.0,0.0,2017
,,9142,2017,,,,,,,,,,,,,,,,,,,,,,,,,,,,,,,,0.0,9.83,0.0,0.0,0.0,0.0,0.0,0.0,0.0,0.0,0.0,0.0,0.0,0.0,0.0,0.0,0.0,0.0,0.0,0.0,0.0,2017
,,263605,58493,,,,,,,,,,,,,,,,,,,,,,,,,,,,,,,,0.0,1026.17,0.0,460257.0,0.0,0.0,11694423.0,0.0,0.0,13699.58,0.0,488.09,0.0,0.0,0.0,0.0,0.0,0.0,0.0,0.0,0.0,2017
,,8677,2017,,,,,,,,,,,,,,,,,,,,,,,,,,,,,,,,0.0,0.0,0.0,0.0,0.0,0.0,0.0,0.0,0.0,0.0,0.0,0.0,0.0,0.0,0.0,0.0,0.0,412894.0,0.0,0.0,0.0,2017
,,35524,8068,,,,,,,,,,,,,,,,,,,,,,,,,,,,,,,,0.0,8.309999999999999,0.0,18.0,0.0,0.0,0.0,0.0,0.0,0.0,0.0,0.0,0.0,0.0,0.0,0.0,0.0,0.0,0.0,0.0,0.0,2017
,,8678,2017,,,,,,,,,,,,,,,,,,,,,,,,,,,,,,,,0.0,0.0,0.0,0.0,0.0,0.0,0.0,0.0,0.0,0.0,0.0,0.0,0.0,0.0,0.0,0.0,0.0,328035.0,0.0,0.0,0.0,2017
,,8915,2017,,,,,,,,,,,,,,,,,,,,,,,,,,,,,,,,0.0,782.14,0.0,0.0,0.0,0.0,0.0,0.0,0.0,0.0,0.0,0.0,0.0,0.0,0.0,0.0,0.0,0.0,0.0,0.0,0.0,2017
,,422630,94799,,,,,,,,,,,,,,,,,,,,,,,,,,,,,,,,0.0,8974.960000000001,0.0,6815163.0,0.0,0.0,83079993.0,0.0,0.0,97563.26,0.0,4184.91,0.0,0.0,0.0,0.0,0.0,0.0,0.0,0.0,0.0,2017
,,101809,22187,,,,,,,,,,,,,,,,,,,,,,,,,,,,,,,,0.0,447.48,0.0,0.0,0.0,0.0,6484734.0,0.0,0.0,6937.709999999999,0.0,93.71,0.0,0.0,0.0,0.0,0.0,0.0,0.0,0.0,0.0,2017
,,300626,66561,,,,,,,,,,,,,,,,,,,,,,,,,,,,,,,,0.0,4575.56,0.0,4126010.0,0.0,0.0,47550293.0,0.0,0.0,64158.31,0.0,2162.92,0.0,0.0,0.0,0.0,0.0,0.0,0.0,0.0,0.0,2017
,,17779,4034,,,,,,,,,,,,,,,,,,,,,,,,,,,,,,,,0.0,68.31,0.0,265.0,0.0,0.0,0.0,0.0,0.0,0.0,0.0,0.0,0.0,0.0,0.0,0.0,0.0,0.0,0.0,0.0,0.0,2017
,,8679,2017,,,,,,,,,,,,,,,,,,,,,,,,,,,,,,,,0.0,0.0,0.0,0.0,0.0,0.0,0.0,0.0,0.0,0.0,0.0,0.0,0.0,0.0,0.0,0.0,0.0,873488.0,0.0,0.0,0.0,2017
,,437716,98833,,,,,,,,,,,,,,,,,,,,,,,,,,,,,,,,0.0,929.03,0.0,293485.0,0.0,0.0,5276137.0,0.0,0.0,8840.81,0.0,145.93,0.0,0.0,0.0,0.0,0.0,29935.34,0.0,0.0,0.0,2017
,,35572,8068,,,,,,,,,,,,,,,,,,,,,,,,,,,,,,,,0.0,3.16,0.0,10.0,0.0,0.0,0.0,0.0,0.0,0.0,0.0,0.0,0.0,0.0,0.0,0.0,0.0,0.0,0.0,0.0,0.0,2017
,,72595,16136,,,,,,,,,,,,,,,,,,,,,,,,,,,,,,,,0.0,46.2,0.0,0.0,0.0,0.0,119774.0,0.0,0.0,0.0,0.0,0.0,0.0,0.0,0.0,0.0,0.0,0.0,0.0,0.0,0.0,2017
,,17581,4034,,,,,,,,,,,,,,,,,,,,,,,,,,,,,,,,0.0,28.69,0.0,0.0,0.0,0.0,0.0,0.0,0.0,579.95,0.0,0.0,0.0,0.0,0.0,0.0,0.0,0.0,0.0,0.0,0.0,2017
,,8864,2017,,,,,,,,,,,,,,,,,,,,,,,,,,,,,,,,0.0,63.59,0.0,0.0,0.0,0.0,0.0,0.0,0.0,0.0,0.0,0.0,0.0,0.0,0.0,0.0,0.0,0.0,0.0,0.0,0.0,2017
,,17789,4034,,,,,,,,,,,,,,,,,,,,,,,,,,,,,,,,0.0,17.14,0.0,22.0,0.0,0.0,0.0,0.0,0.0,0.0,0.0,0.0,0.0,0.0,0.0,0.0,0.0,0.0,0.0,0.0,0.0,2017
,,8955,2017,,,,,,,,,,,,,,,,,,,,,,,,,,,,,,,,0.0,48.72,0.0,0.0,0.0,0.0,0.0,0.0,0.0,0.0,0.0,0.0,0.0,0.0,0.0,0.0,0.0,0.0,0.0,0.0,0.0,2017
,,17636,4034,,,,,,,,,,,,,,,,,,,,,,,,,,,,,,,,0.0,148.56,0.0,0.0,0.0,0.0,0.0,0.0,0.0,0.0,0.0,0.0,0.0,0.0,0.0,0.0,0.0,0.0,0.0,0.0,0.0,2017
,,8956,2017,,,,,,,,,,,,,,,,,,,,,,,,,,,,,,,,0.0,12.3,0.0,0.0,0.0,0.0,0.0,0.0,0.0,0.0,0.0,0.0,0.0,0.0,0.0,0.0,0.0,0.0,0.0,0.0,0.0,2017
,,336031,74629,,,,,,,,,,,,,,,,,,,,,,,,,,,,,,,,0.0,4437.18,0.0,4259937.0,0.0,0.0,45295432.0,0.0,0.0,56398.96,0.0,2476.51,0.0,0.0,0.0,0.0,0.0,0.0,0.0,0.0,0.0,2017
,,8681,2017,,,,,,,,,,,,,,,,,,,,,,,,,,,,,,,,0.0,0.0,0.0,0.0,0.0,0.0,0.0,0.0,0.0,0.0,0.0,0.0,0.0,0.0,0.0,0.0,0.0,73877.0,0.0,0.0,0.0,2017
,,3483915,780579,,,,,,,,,,,,,,,,,,,,,,,,,,,,,,,,32193.85,9017.12,16491350.0,0.0,225201213.0,483.5,22726713.0,8642007.0,251321.78,0.0,9590.62,0.0,18173726.03,18173726.03,191210.0,5043205.0,5079825.0,0.0,20792.0,15634.0,146104.0,2017
,,9584,2018,,,,,,,,,,,,,,,,,,,,,,,,,,,,,,,,0.0,12.12,0.0,0.0,0.0,0.0,0.0,0.0,0.0,0.0,0.0,0.0,0.0,0.0,0.0,0.0,0.0,0.0,0.0,0.0,0.0,2018
,,9803,2018,,,,,,,,,,,,,,,,,,,,,,,,,,,,,,,,0.0,24.55,0.0,0.0,0.0,0.0,0.0,0.0,0.0,0.0,0.0,0.0,0.0,0.0,0.0,0.0,0.0,0.0,0.0,0.0,0.0,2018
,,9525,2018,,,,,,,,,,,,,,,,,,,,,,,,,,,,,,,,0.0,6.66,0.0,0.0,0.0,0.0,0.0,0.0,0.0,0.0,0.0,0.0,0.0,0.0,0.0,0.0,0.0,0.0,0.0,0.0,0.0,2018
,,9585,2018,,,,,,,,,,,,,,,,,,,,,,,,,,,,,,,,0.0,774.79,0.0,0.0,0.0,0.0,0.0,0.0,0.0,0.0,0.0,0.0,0.0,0.0,0.0,0.0,0.0,0.0,0.0,0.0,0.0,2018
,,38188,8072,,,,,,,,,,,,,,,,,,,,,,,,,,,,,,,,0.0,18.98,0.0,140.0,0.0,0.0,0.0,0.0,0.0,0.0,0.0,0.0,0.0,0.0,0.0,0.0,0.0,0.0,0.0,0.0,0.0,2018
,,9347,2018,,,,,,,,,,,,,,,,,,,,,,,,,,,,,,,,0.0,0.0,0.0,0.0,0.0,0.0,0.0,0.0,0.0,0.0,0.0,0.0,0.0,0.0,0.0,0.0,0.0,8952.0,0.0,0.0,0.0,2018
,,9430,2018,,,,,,,,,,,,,,,,,,,,,,,,,,,,,,,,0.0,13.77,0.0,0.0,0.0,0.0,0.0,0.0,0.0,0.0,0.0,0.0,0.0,0.0,0.0,0.0,0.0,0.0,0.0,0.0,0.0,2018
,,47627,10090,,,,,,,,,,,,,,,,,,,,,,,,,,,,,,,,0.0,247.21,0.0,488.0,0.0,0.0,0.0,0.0,0.0,0.0,0.0,0.0,0.0,0.0,0.0,0.0,0.0,0.0,0.0,0.0,0.0,2018
,,9526,2018,,,,,,,,,,,,,,,,,,,,,,,,,,,,,,,,0.0,6.0,0.0,0.0,0.0,0.0,0.0,0.0,0.0,0.0,0.0,0.0,0.0,0.0,0.0,0.0,0.0,0.0,0.0,0.0,0.0,2018
,,29041,6054,,,,,,,,,,,,,,,,,,,,,,,,,,,,,,,,0.0,49.61,0.0,0.0,0.0,0.0,0.0,0.0,0.0,0.0,0.0,0.0,0.0,0.0,0.0,0.0,0.0,0.0,0.0,0.0,0.0,2018
,,9348,2018,,,,,,,,,,,,,,,,,,,,,,,,,,,,,,,,0.0,0.0,0.0,0.0,0.0,0.0,0.0,0.0,0.0,0.0,0.0,0.0,0.0,0.0,0.0,0.0,0.0,4789.0,0.0,0.0,0.0,2018
,,138037,28252,,,,,,,,,,,,,,,,,,,,,,,,,,,,,,,,0.0,111.89,0.0,2968.0,0.0,0.0,2738182.0,0.0,0.0,3268.9,0.0,72.89,0.0,0.0,0.0,0.0,0.0,0.0,0.0,0.0,0.0,2018
,,175193,36324,,,,,,,,,,,,,,,,,,,,,,,,,,,,,,,,0.0,361.9,0.0,624898.0,0.0,0.0,1394250.0,0.0,0.0,1074.87,0.0,0.0,0.0,0.0,0.0,0.0,0.0,0.0,0.0,0.0,0.0,2018
,,9807,2018,,,,,,,,,,,,,,,,,,,,,,,,,,,,,,,,0.0,12.79,0.0,0.0,0.0,0.0,0.0,0.0,0.0,0.0,0.0,0.0,0.0,0.0,0.0,0.0,0.0,0.0,0.0,0.0,0.0,2018
,,282997,58522,,,,,,,,,,,,,,,,,,,,,,,,,,,,,,,,0.0,1271.53,0.0,894370.0,0.0,0.0,19527371.0,0.0,0.0,18131.18,0.0,649.04,0.0,0.0,0.0,0.0,0.0,0.0,0.0,0.0,0.0,2018
,,9349,2018,,,,,,,,,,,,,,,,,,,,,,,,,,,,,,,,0.0,0.0,0.0,0.0,0.0,0.0,0.0,0.0,0.0,0.0,0.0,0.0,0.0,0.0,0.0,0.0,0.0,424937.0,0.0,0.0,0.0,2018
,,38204,8072,,,,,,,,,,,,,,,,,,,,,,,,,,,,,,,,0.0,8.28,0.0,18.0,0.0,0.0,0.0,0.0,0.0,0.0,0.0,0.0,0.0,0.0,0.0,0.0,0.0,0.0,0.0,0.0,0.0,2018
,,9350,2018,,,,,,,,,,,,,,,,,,,,,,,,,,,,,,,,0.0,0.0,0.0,0.0,0.0,0.0,0.0,0.0,0.0,0.0,0.0,0.0,0.0,0.0,0.0,0.0,0.0,372413.0,0.0,0.0,0.0,2018
,,9586,2018,,,,,,,,,,,,,,,,,,,,,,,,,,,,,,,,0.0,777.33,0.0,0.0,0.0,0.0,0.0,0.0,0.0,0.0,0.0,0.0,0.0,0.0,0.0,0.0,0.0,0.0,0.0,0.0,0.0,2018
,,463499,96864,,,,,,,,,,,,,,,,,,,,,,,,,,,,,,,,0.0,8855.58,0.0,6610051.0,0.0,0.0,85910514.0,0.0,0.0,92684.82,0.0,4477.79,0.0,0.0,0.0,0.0,0.0,0.0,0.0,0.0,0.0,2018
,,99188,20180,,,,,,,,,,,,,,,,,,,,,,,,,,,,,,,,0.0,439.33,0.0,0.0,0.0,0.0,5907956.0,0.0,0.0,7482.679999999999,0.0,114.65,0.0,0.0,0.0,0.0,0.0,0.0,0.0,0.0,0.0,2018
,,322695,66594,,,,,,,,,,,,,,,,,,,,,,,,,,,,,,,,0.0,4581.05,0.0,4044834.0,0.0,0.0,49601513.0,0.0,0.0,73507.89,0.0,3019.62,0.0,0.0,0.0,0.0,0.0,0.0,0.0,0.0,0.0,2018
,,19120,4036,,,,,,,,,,,,,,,,,,,,,,,,,,,,,,,,0.0,66.52,0.0,279.0,0.0,0.0,0.0,0.0,0.0,0.0,0.0,0.0,0.0,0.0,0.0,0.0,0.0,0.0,0.0,0.0,0.0,2018
,,9351,2018,,,,,,,,,,,,,,,,,,,,,,,,,,,,,,,,0.0,0.0,0.0,0.0,0.0,0.0,0.0,0.0,0.0,0.0,0.0,0.0,0.0,0.0,0.0,0.0,0.0,940910.0,0.0,0.0,0.0,2018
,,432601,90810,,,,,,,,,,,,,,,,,,,,,,,,,,,,,,,,0.0,840.35,0.0,192311.0,0.0,0.0,5824922.0,0.0,0.0,8617.22,0.0,203.36,0.0,0.0,0.0,0.0,0.0,29672.74,0.0,0.0,0.0,2018
,,38254,8072,,,,,,,,,,,,,,,,,,,,,,,,,,,,,,,,0.0,2.93,0.0,9.0,0.0,0.0,0.0,0.0,0.0,0.0,0.0,0.0,0.0,0.0,0.0,0.0,0.0,0.0,0.0,0.0,0.0,2018
,,18921,4036,,,,,,,,,,,,,,,,,,,,,,,,,,,,,,,,0.0,37.45,0.0,0.0,0.0,0.0,0.0,0.0,0.0,708.84,0.0,0.0,0.0,0.0,0.0,0.0,0.0,0.0,0.0,0.0,0.0,2018
,,9534,2018,,,,,,,,,,,,,,,,,,,,,,,,,,,,,,,,0.0,67.77,0.0,0.0,0.0,0.0,0.0,0.0,0.0,0.0,0.0,0.0,0.0,0.0,0.0,0.0,0.0,0.0,0.0,0.0,0.0,2018
,,19130,4036,,,,,,,,,,,,,,,,,,,,,,,,,,,,,,,,0.0,15.47,0.0,20.0,0.0,0.0,0.0,0.0,0.0,0.0,0.0,0.0,0.0,0.0,0.0,0.0,0.0,0.0,0.0,0.0,0.0,2018
,,9626,2018,,,,,,,,,,,,,,,,,,,,,,,,,,,,,,,,0.0,47.01,0.0,0.0,0.0,0.0,0.0,0.0,0.0,0.0,0.0,0.0,0.0,0.0,0.0,0.0,0.0,0.0,0.0,0.0,0.0,2018
,,18976,4036,,,,,,,,,,,,,,,,,,,,,,,,,,,,,,,,0.0,139.62,0.0,0.0,0.0,0.0,0.0,0.0,0.0,0.0,0.0,0.0,0.0,0.0,0.0,0.0,0.0,0.0,0.0,0.0,0.0,2018
,,9627,2018,,,,,,,,,,,,,,,,,,,,,,,,,,,,,,,,0.0,12.3,0.0,0.0,0.0,0.0,0.0,0.0,0.0,0.0,0.0,0.0,0.0,0.0,0.0,0.0,0.0,0.0,0.0,0.0,0.0,2018
,,360718,74666,,,,,,,,,,,,,,,,,,,,,,,,,,,,,,,,0.0,4232.02,0.0,4016741.0,0.0,0.0,44770091.0,0.0,0.0,54940.85,0.0,2604.3,0.0,0.0,0.0,0.0,0.0,0.0,0.0,0.0,0.0,2018
,,9353,2018,,,,,,,,,,,,,,,,,,,,,,,,,,,,,,,,0.0,0.0,0.0,0.0,0.0,0.0,0.0,0.0,0.0,0.0,0.0,0.0,0.0,0.0,0.0,0.0,0.0,99005.0,0.0,0.0,0.0,2018
,,3762454,785002,,,,,,,,,,,,,,,,,,,,,,,,,,,,,,,,32360.7,9325.91,16387127.0,0.0,239308676.0,513.0,23633877.0,9836846.0,260417.27,0.0,11141.65,0.0,25143454.09,25143454.09,188986.0,4658824.0,6390478.0,0.0,19225.0,14702.0,153557.0,2018
,,10253,2019,,,,,,,,,,,,,,,,,,,,,,,,,,,,,,,,0.0,12.25,0.0,0.0,0.0,0.0,0.0,0.0,0.0,0.0,0.0,0.0,0.0,0.0,0.0,0.0,0.0,0.0,0.0,0.0,0.0,2019
,,10473,2019,,,,,,,,,,,,,,,,,,,,,,,,,,,,,,,,0.0,30.95,0.0,0.0,0.0,0.0,0.0,0.0,0.0,0.0,0.0,0.0,0.0,0.0,0.0,0.0,0.0,0.0,0.0,0.0,0.0,2019
,,10195,2019,,,,,,,,,,,,,,,,,,,,,,,,,,,,,,,,0.0,6.64,0.0,0.0,0.0,0.0,0.0,0.0,0.0,0.0,0.0,0.0,0.0,0.0,0.0,0.0,0.0,0.0,0.0,0.0,0.0,2019
,,10254,2019,,,,,,,,,,,,,,,,,,,,,,,,,,,,,,,,0.0,751.04,0.0,0.0,0.0,0.0,0.0,0.0,0.0,0.0,0.0,0.0,0.0,0.0,0.0,0.0,0.0,0.0,0.0,0.0,0.0,2019
,,40868,8076,,,,,,,,,,,,,,,,,,,,,,,,,,,,,,,,0.0,18.51,0.0,138.0,0.0,0.0,0.0,0.0,0.0,0.0,0.0,0.0,0.0,0.0,0.0,0.0,0.0,0.0,0.0,0.0,0.0,2019
,,10015,2019,,,,,,,,,,,,,,,,,,,,,,,,,,,,,,,,0.0,0.0,0.0,0.0,0.0,0.0,0.0,0.0,0.0,0.0,0.0,0.0,0.0,0.0,0.0,0.0,0.0,8952.0,0.0,0.0,0.0,2019
,,10099,2019,,,,,,,,,,,,,,,,,,,,,,,,,,,,,,,,0.0,14.06,0.0,0.0,0.0,0.0,0.0,0.0,0.0,0.0,0.0,0.0,0.0,0.0,0.0,0.0,0.0,0.0,0.0,0.0,0.0,2019
,,50976,10095,,,,,,,,,,,,,,,,,,,,,,,,,,,,,,,,0.0,253.18,0.0,485.0,0.0,0.0,0.0,0.0,0.0,0.0,0.0,0.0,0.0,0.0,0.0,0.0,0.0,0.0,0.0,0.0,0.0,2019
,,10196,2019,,,,,,,,,,,,,,,,,,,,,,,,,,,,,,,,0.0,6.44,0.0,0.0,0.0,0.0,0.0,0.0,0.0,0.0,0.0,0.0,0.0,0.0,0.0,0.0,0.0,0.0,0.0,0.0,0.0,2019
,,31050,6057,,,,,,,,,,,,,,,,,,,,,,,,,,,,,,,,0.0,61.17,0.0,0.0,0.0,0.0,0.0,0.0,0.0,0.0,0.0,0.0,0.0,0.0,0.0,0.0,0.0,0.0,0.0,0.0,0.0,2019
,,10016,2019,,,,,,,,,,,,,,,,,,,,,,,,,,,,,,,,0.0,0.0,0.0,0.0,0.0,0.0,0.0,0.0,0.0,0.0,0.0,0.0,0.0,0.0,0.0,0.0,0.0,34257.0,0.0,0.0,0.0,2019
,,147412,28266,,,,,,,,,,,,,,,,,,,,,,,,,,,,,,,,0.0,172.72,0.0,30774.0,0.0,0.0,3971482.0,0.0,0.0,4507.780000000001,0.0,94.57,0.0,0.0,0.0,0.0,0.0,0.0,0.0,0.0,0.0,2019
,,176911,34323,,,,,,,,,,,,,,,,,,,,,,,,,,,,,,,,0.0,357.81,0.0,619349.0,0.0,0.0,1398279.0,0.0,0.0,918.29,0.0,0.0,0.0,0.0,0.0,0.0,0.0,0.0,0.0,0.0,0.0,2019
,,10477,2019,,,,,,,,,,,,,,,,,,,,,,,,,,,,,,,,0.0,13.42,0.0,0.0,0.0,0.0,0.0,0.0,0.0,0.0,0.0,0.0,0.0,0.0,0.0,0.0,0.0,0.0,0.0,0.0,0.0,2019
,,291784,56532,,,,,,,,,,,,,,,,,,,,,,,,,,,,,,,,0.0,1560.85,0.0,1269116.0,0.0,0.0,24072147.0,0.0,0.0,21738.62,0.0,802.5500000000001,0.0,0.0,0.0,0.0,0.0,0.0,0.0,0.0,0.0,2019
,,40884,8076,,,,,,,,,,,,,,,,,,,,,,,,,,,,,,,,0.0,8.28,0.0,21.0,0.0,0.0,0.0,0.0,0.0,0.0,0.0,0.0,0.0,0.0,0.0,0.0,0.0,0.0,0.0,0.0,0.0,2019
,,10017,2019,,,,,,,,,,,,,,,,,,,,,,,,,,,,,,,,0.0,0.0,0.0,0.0,0.0,0.0,0.0,0.0,0.0,0.0,0.0,0.0,0.0,0.0,0.0,0.0,0.0,681697.0,0.0,0.0,0.0,2019
,,10255,2019,,,,,,,,,,,,,,,,,,,,,,,,,,,,,,,,0.0,733.67,0.0,0.0,0.0,0.0,0.0,0.0,0.0,0.0,0.0,0.0,0.0,0.0,0.0,0.0,0.0,0.0,0.0,0.0,0.0,2019
,,474919,92874,,,,,,,,,,,,,,,,,,,,,,,,,,,,,,,,0.0,8612.5,0.0,5973829.0,0.0,0.0,87859482.0,0.0,0.0,93759.94,0.0,4996.26,0.0,0.0,0.0,0.0,0.0,0.0,0.0,0.0,0.0,2019
,,105882,20190,,,,,,,,,,,,,,,,,,,,,,,,,,,,,,,,0.0,421.79,0.0,0.0,0.0,0.0,6029216.0,0.0,0.0,7665.64,0.0,80.12,0.0,0.0,0.0,0.0,0.0,0.0,0.0,0.0,0.0,2019
,,344782,66627,,,,,,,,,,,,,,,,,,,,,,,,,,,,,,,,0.0,4530.05,0.0,4047946.0,0.0,0.0,50809871.0,0.0,0.0,77304.91,0.0,3370.18,0.0,0.0,0.0,0.0,0.0,0.0,0.0,0.0,0.0,2019
,,20459,4038,,,,,,,,,,,,,,,,,,,,,,,,,,,,,,,,0.0,65.87,0.0,261.0,0.0,0.0,0.0,0.0,0.0,0.0,0.0,0.0,0.0,0.0,0.0,0.0,0.0,0.0,0.0,0.0,0.0,2019
,,10018,2019,,,,,,,,,,,,,,,,,,,,,,,,,,,,,,,,0.0,0.0,0.0,0.0,0.0,0.0,0.0,0.0,0.0,0.0,0.0,0.0,0.0,0.0,0.0,0.0,0.0,942238.0,0.0,0.0,0.0,2019
,,483178,94893,,,,,,,,,,,,,,,,,,,,,,,,,,,,,,,,0.0,828.65,0.0,226293.0,0.0,0.0,8223015.0,0.0,0.0,10349.75,0.0,264.53,0.0,0.0,0.0,0.0,0.0,28687.74,0.0,0.0,0.0,2019
,,40932,8076,,,,,,,,,,,,,,,,,,,,,,,,,,,,,,,,0.0,3.08,0.0,6.0,0.0,0.0,0.0,0.0,0.0,0.0,0.0,0.0,0.0,0.0,0.0,0.0,0.0,0.0,0.0,0.0,0.0,2019
,,20259,4038,,,,,,,,,,,,,,,,,,,,,,,,,,,,,,,,0.0,27.47,0.0,0.0,0.0,0.0,0.0,0.0,0.0,497.54,0.0,0.0,0.0,0.0,0.0,0.0,0.0,0.0,0.0,0.0,0.0,2019
,,10204,2019,,,,,,,,,,,,,,,,,,,,,,,,,,,,,,,,0.0,64.36,0.0,0.0,0.0,0.0,0.0,0.0,0.0,0.0,0.0,0.0,0.0,0.0,0.0,0.0,0.0,0.0,0.0,0.0,0.0,2019
,,20469,4038,,,,,,,,,,,,,,,,,,,,,,,,,,,,,,,,0.0,14.26,0.0,17.0,0.0,0.0,0.0,0.0,0.0,0.0,0.0,0.0,0.0,0.0,0.0,0.0,0.0,0.0,0.0,0.0,0.0,2019
,,10295,2019,,,,,,,,,,,,,,,,,,,,,,,,,,,,,,,,0.0,44.68,0.0,0.0,0.0,0.0,0.0,0.0,0.0,0.0,0.0,0.0,0.0,0.0,0.0,0.0,0.0,0.0,0.0,0.0,0.0,2019
,,20315,4038,,,,,,,,,,,,,,,,,,,,,,,,,,,,,,,,0.0,137.31,0.0,0.0,0.0,0.0,0.0,0.0,0.0,0.0,0.0,0.0,0.0,0.0,0.0,0.0,0.0,0.0,0.0,0.0,0.0,2019
,,10296,2019,,,,,,,,,,,,,,,,,,,,,,,,,,,,,,,,0.0,13.38,0.0,0.0,0.0,0.0,0.0,0.0,0.0,0.0,0.0,0.0,0.0,0.0,0.0,0.0,0.0,0.0,0.0,0.0,0.0,2019
,,385488,74703,,,,,,,,,,,,,,,,,,,,,,,,,,,,,,,,0.0,3984.2,0.0,3855566.0,0.0,0.0,44866700.0,0.0,0.0,58127.670000000006,0.0,2806.83,0.0,0.0,0.0,0.0,0.0,0.0,0.0,0.0,0.0,2019
,,10020,2019,,,,,,,,,,,,,,,,,,,,,,,,,,,,,,,,0.0,0.0,0.0,0.0,0.0,0.0,0.0,0.0,0.0,0.0,0.0,0.0,0.0,0.0,0.0,0.0,0.0,143617.8,0.0,0.0,0.0,2019
,,4063830,793467,,,,,,,,,,,,,,,,,,,,,,,,,,,,,,,,32068.64,9320.03,16023801.0,0.0,252116727.0,536.7,24886535.0,9514364.0,274870.14,0.0,12415.03,0.0,32637108.29,32637108.29,180289.0,4579093.0,5022613.0,0.0,17900.0,13947.0,160233.0,2019
,,10924,2020,,,,,,,,,,,,,,,,,,,,,,,,,,,,,,,,0.0,12.18,0.0,0.0,0.0,0.0,0.0,0.0,0.0,0.0,0.0,0.0,0.0,0.0,0.0,0.0,0.0,0.0,0.0,0.0,0.0,2020
,,11148,2020,,,,,,,,,,,,,,,,,,,,,,,,,,,,,,,,0.0,42.94,0.0,0.0,0.0,0.0,0.0,0.0,0.0,0.0,0.0,0.0,0.0,0.0,0.0,0.0,0.0,0.0,0.0,0.0,0.0,2020
,,10865,2020,,,,,,,,,,,,,,,,,,,,,,,,,,,,,,,,0.0,7.39,0.0,0.0,0.0,0.0,0.0,0.0,0.0,0.0,0.0,0.0,0.0,0.0,0.0,0.0,0.0,0.0,0.0,0.0,0.0,2020
,,10925,2020,,,,,,,,,,,,,,,,,,,,,,,,,,,,,,,,0.0,635.42,0.0,0.0,0.0,0.0,0.0,0.0,0.0,0.0,0.0,0.0,0.0,0.0,0.0,0.0,0.0,0.0,0.0,0.0,0.0,2020
,,43548,8080,,,,,,,,,,,,,,,,,,,,,,,,,,,,,,,,0.0,18.26,0.0,131.0,0.0,0.0,0.0,0.0,0.0,0.0,0.0,0.0,0.0,0.0,0.0,0.0,0.0,0.0,0.0,0.0,0.0,2020
,,10684,2020,,,,,,,,,,,,,,,,,,,,,,,,,,,,,,,,0.0,0.0,0.0,0.0,0.0,0.0,0.0,0.0,0.0,0.0,0.0,0.0,0.0,0.0,0.0,0.0,0.0,8952.0,0.0,0.0,0.0,2020
,,10768,2020,,,,,,,,,,,,,,,,,,,,,,,,,,,,,,,,0.0,15.12,0.0,0.0,0.0,0.0,0.0,0.0,0.0,0.0,0.0,0.0,0.0,0.0,0.0,0.0,0.0,0.0,0.0,0.0,0.0,2020
,,54325,10100,,,,,,,,,,,,,,,,,,,,,,,,,,,,,,,,0.0,257.19,0.0,373.0,0.0,0.0,0.0,0.0,0.0,0.0,0.0,0.0,0.0,0.0,0.0,0.0,0.0,0.0,0.0,0.0,0.0,2020
,,10866,2020,,,,,,,,,,,,,,,,,,,,,,,,,,,,,,,,0.0,6.76,0.0,0.0,0.0,0.0,0.0,0.0,0.0,0.0,0.0,0.0,0.0,0.0,0.0,0.0,0.0,0.0,0.0,0.0,0.0,2020
,,33069,6060,,,,,,,,,,,,,,,,,,,,,,,,,,,,,,,,0.0,62.900000000000006,0.0,0.0,0.0,0.0,0.0,0.0,0.0,0.0,0.0,0.0,0.0,0.0,0.0,0.0,0.0,0.0,0.0,0.0,0.0,2020
,,10685,2020,,,,,,,,,,,,,,,,,,,,,,,,,,,,,,,,0.0,0.0,0.0,0.0,0.0,0.0,0.0,0.0,0.0,0.0,0.0,0.0,0.0,0.0,0.0,0.0,0.0,68815.14,0.0,0.0,0.0,2020
,,167562,30300,,,,,,,,,,,,,,,,,,,,,,,,,,,,,,,,0.0,241.43,0.0,72787.0,0.0,0.0,6231163.0,0.0,0.0,6245.13,0.0,86.9,0.0,0.0,0.0,0.0,0.0,0.0,0.0,0.0,0.0,2020
,,177357,32320,,,,,,,,,,,,,,,,,,,,,,,,,,,,,,,,0.0,349.54999999999995,0.0,588734.0,0.0,0.0,1416451.0,0.0,0.0,1072.84,0.0,0.0,0.0,0.0,0.0,0.0,0.0,0.0,0.0,0.0,0.0,2020
,,43879,8080,,,,,,,,,,,,,,,,,,,,,,,,,,,,,,,,0.0,132.01999999999998,0.0,0.0,0.0,0.0,0.0,0.0,0.0,1112.49,0.0,0.0,0.0,0.0,0.0,0.0,0.0,0.0,0.0,0.0,0.0,2020
,,11154,2020,,,,,,,,,,,,,,,,,,,,,,,,,,,,,,,,0.0,14.2,0.0,0.0,0.0,0.0,0.0,0.0,0.0,0.0,0.0,0.0,0.0,0.0,0.0,0.0,0.0,0.0,0.0,0.0,0.0,2020
,,343357,62620,,,,,,,,,,,,,,,,,,,,,,,,,,,,,,,,0.0,1850.98,0.0,1612710.0,0.0,0.0,27029833.0,0.0,0.0,28203.81,0.0,919.04,0.0,0.0,0.0,0.0,0.0,0.0,0.0,0.0,0.0,2020
,,43564,8080,,,,,,,,,,,,,,,,,,,,,,,,,,,,,,,,0.0,8.25,0.0,20.0,0.0,0.0,0.0,0.0,0.0,0.0,0.0,0.0,0.0,0.0,0.0,0.0,0.0,0.0,0.0,0.0,0.0,2020
,,10686,2020,,,,,,,,,,,,,,,,,,,,,,,,,,,,,,,,0.0,0.0,0.0,0.0,0.0,0.0,0.0,0.0,0.0,0.0,0.0,0.0,0.0,0.0,0.0,0.0,0.0,684751.0,0.0,0.0,0.0,2020
,,10926,2020,,,,,,,,,,,,,,,,,,,,,,,,,,,,,,,,0.0,598.91,0.0,0.0,0.0,0.0,0.0,0.0,0.0,0.0,0.0,0.0,0.0,0.0,0.0,0.0,0.0,0.0,0.0,0.0,0.0,2020
,,505882,92920,,,,,,,,,,,,,,,,,,,,,,,,,,,,,,,,0.0,8272.3,0.0,5720034.0,0.0,0.0,88963042.0,0.0,0.0,111379.22,0.0,5241.49,0.0,0.0,0.0,0.0,0.0,0.0,0.0,0.0,0.0,2020
,,112643,20200,,,,,,,,,,,,,,,,,,,,,,,,,,,,,,,,0.0,436.93,0.0,0.0,0.0,0.0,6228408.0,0.0,0.0,8361.07,0.0,64.79,0.0,0.0,0.0,0.0,0.0,0.0,0.0,0.0,0.0,2020
,,367044,66660,,,,,,,,,,,,,,,,,,,,,,,,,,,,,,,,0.0,4270.21,0.0,3928304.0,0.0,0.0,50154171.0,0.0,0.0,96347.01,0.0,3553.2000000000003,0.0,0.0,0.0,0.0,0.0,0.0,0.0,0.0,0.0,2020
,,21800,4040,,,,,,,,,,,,,,,,,,,,,,,,,,,,,,,,0.0,56.76,0.0,262.0,0.0,0.0,0.0,0.0,0.0,0.0,0.0,0.0,0.0,0.0,0.0,0.0,0.0,0.0,0.0,0.0,0.0,2020
,,10687,2020,,,,,,,,,,,,,,,,,,,,,,,,,,,,,,,,0.0,0.0,0.0,0.0,0.0,0.0,0.0,0.0,0.0,0.0,0.0,0.0,0.0,0.0,0.0,0.0,0.0,938651.0,0.0,0.0,0.0,2020
,,514779,94940,,,,,,,,,,,,,,,,,,,,,,,,,,,,,,,,0.0,683.6700000000001,0.0,251778.0,0.0,0.0,9314133.0,0.0,0.0,12220.56,0.0,385.4,0.0,0.0,0.0,0.0,0.0,19536.04,0.0,0.0,0.0,2020
,,43614,8080,,,,,,,,,,,,,,,,,,,,,,,,,,,,,,,,0.0,3.0,0.0,4.0,0.0,0.0,0.0,0.0,0.0,0.0,0.0,0.0,0.0,0.0,0.0,0.0,0.0,0.0,0.0,0.0,0.0,2020
,,21598,4040,,,,,,,,,,,,,,,,,,,,,,,,,,,,,,,,0.0,24.9,0.0,0.0,0.0,0.0,0.0,0.0,0.0,373.02,0.0,0.0,0.0,0.0,0.0,0.0,0.0,0.0,0.0,0.0,0.0,2020
,,10874,2020,,,,,,,,,,,,,,,,,,,,,,,,,,,,,,,,0.0,58.01,0.0,0.0,0.0,0.0,0.0,0.0,0.0,0.0,0.0,0.0,0.0,0.0,0.0,0.0,0.0,0.0,0.0,0.0,0.0,2020
,,21810,4040,,,,,,,,,,,,,,,,,,,,,,,,,,,,,,,,0.0,13.95,0.0,33.0,0.0,0.0,0.0,0.0,0.0,0.0,0.0,0.0,0.0,0.0,0.0,0.0,0.0,0.0,0.0,0.0,0.0,2020
,,10966,2020,,,,,,,,,,,,,,,,,,,,,,,,,,,,,,,,0.0,35.86,0.0,0.0,0.0,0.0,0.0,0.0,0.0,0.0,0.0,0.0,0.0,0.0,0.0,0.0,0.0,0.0,0.0,0.0,0.0,2020
,,21653,4040,,,,,,,,,,,,,,,,,,,,,,,,,,,,,,,,0.0,109.23,0.0,0.0,0.0,0.0,0.0,0.0,0.0,0.0,0.0,0.0,0.0,0.0,0.0,0.0,0.0,0.0,0.0,0.0,0.0,2020
,,10967,2020,,,,,,,,,,,,,,,,,,,,,,,,,,,,,,,,0.0,13.76,0.0,0.0,0.0,0.0,0.0,0.0,0.0,0.0,0.0,0.0,0.0,0.0,0.0,0.0,0.0,0.0,0.0,0.0,0.0,2020
,,410431,74740,,,,,,,,,,,,,,,,,,,,,,,,,,,,,,,,0.0,3790.89,0.0,3616040.0,0.0,0.0,45484569.0,0.0,0.0,76232.54000000001,0.0,2781.01,0.0,0.0,0.0,0.0,0.0,0.0,0.0,0.0,0.0,2020
,,10689,2020,,,,,,,,,,,,,,,,,,,,,,,,,,,,,,,,0.0,0.0,0.0,0.0,0.0,0.0,0.0,0.0,0.0,0.0,0.0,0.0,0.0,0.0,0.0,0.0,0.0,147431.74,0.0,0.0,0.0,2020
,,4340165,795880,,,,,,,,,,,,,,,,,,,,,,,,,,,,,,,,31631.95,9609.0,15791210.0,0.0,260835009.0,550.7,26013239.0,8881986.0,341547.69,0.0,13031.86,0.0,50114664.1,50114664.1,175103.0,4282403.0,6973111.0,0.0,17138.0,13307.0,172081.0,2020
,,11600,2021,,,,,,,,,,,,,,,,,,,,,,,,,,,,,,,,0.0,13.69,0.0,0.0,0.0,0.0,0.0,0.0,0.0,0.0,0.0,0.0,0.0,0.0,0.0,0.0,0.0,0.0,0.0,0.0,0.0,2021
,,11823,2021,,,,,,,,,,,,,,,,,,,,,,,,,,,,,,,,0.0,25.7,0.0,0.0,0.0,0.0,0.0,0.0,0.0,0.0,0.0,0.0,0.0,0.0,0.0,0.0,0.0,0.0,0.0,0.0,0.0,2021
,,11543,2021,,,,,,,,,,,,,,,,,,,,,,,,,,,,,,,,0.0,8.09,0.0,0.0,0.0,0.0,0.0,0.0,0.0,0.0,0.0,0.0,0.0,0.0,0.0,0.0,0.0,0.0,0.0,0.0,0.0,2021
,,11601,2021,,,,,,,,,,,,,,,,,,,,,,,,,,,,,,,,0.0,700.61,0.0,0.0,0.0,0.0,0.0,0.0,0.0,0.0,0.0,0.0,0.0,0.0,0.0,0.0,0.0,0.0,0.0,0.0,0.0,2021
,,46260,8084,,,,,,,,,,,,,,,,,,,,,,,,,,,,,,,,0.0,18.0,0.0,120.0,0.0,0.0,0.0,0.0,0.0,0.0,0.0,0.0,0.0,0.0,0.0,0.0,0.0,0.0,0.0,0.0,0.0,2021
,,11361,2021,,,,,,,,,,,,,,,,,,,,,,,,,,,,,,,,0.0,0.0,0.0,0.0,0.0,0.0,0.0,0.0,0.0,0.0,0.0,0.0,0.0,0.0,0.0,0.0,0.0,8952.0,0.0,0.0,0.0,2021
,,11445,2021,,,,,,,,,,,,,,,,,,,,,,,,,,,,,,,,0.0,14.0,0.0,0.0,0.0,0.0,0.0,0.0,0.0,0.0,0.0,0.0,0.0,0.0,0.0,0.0,0.0,0.0,0.0,0.0,0.0,2021
,,57714,10105,,,,,,,,,,,,,,,,,,,,,,,,,,,,,,,,0.0,230.92,0.0,352.0,0.0,0.0,0.0,0.0,0.0,0.0,0.0,0.0,0.0,0.0,0.0,0.0,0.0,0.0,0.0,0.0,0.0,2021
,,11544,2021,,,,,,,,,,,,,,,,,,,,,,,,,,,,,,,,0.0,6.86,0.0,0.0,0.0,0.0,0.0,0.0,0.0,0.0,0.0,0.0,0.0,0.0,0.0,0.0,0.0,0.0,0.0,0.0,0.0,2021
,,35096,6063,,,,,,,,,,,,,,,,,,,,,,,,,,,,,,,,0.0,78.92999999999999,0.0,0.0,0.0,0.0,0.0,0.0,0.0,0.0,0.0,0.0,0.0,0.0,0.0,0.0,0.0,0.0,0.0,0.0,0.0,2021
,,11362,2021,,,,,,,,,,,,,,,,,,,,,,,,,,,,,,,,0.0,0.0,0.0,0.0,0.0,0.0,0.0,0.0,0.0,0.0,0.0,0.0,0.0,0.0,0.0,0.0,0.0,53612.0,0.0,0.0,0.0,2021
,,177706,30315,,,,,,,,,,,,,,,,,,,,,,,,,,,,,,,,0.0,322.57,0.0,164964.0,0.0,0.0,9773490.0,0.0,0.0,7326.799999999999,0.0,85.11,0.0,0.0,0.0,0.0,0.0,0.0,0.0,0.0,0.0,2021
,,188181,32336,,,,,,,,,,,,,,,,,,,,,,,,,,,,,,,,0.0,355.26,0.0,590712.0,0.0,0.0,1482394.0,0.0,0.0,860.95,0.0,0.0,0.0,0.0,0.0,0.0,0.0,0.0,0.0,0.0,0.0,2021
,,46583,8084,,,,,,,,,,,,,,,,,,,,,,,,,,,,,,,,0.0,88.2,0.0,0.0,0.0,0.0,0.0,0.0,0.0,1742.97,0.0,0.0,0.0,0.0,0.0,0.0,0.0,0.0,0.0,0.0,0.0,2021
,,11829,2021,,,,,,,,,,,,,,,,,,,,,,,,,,,,,,,,0.0,14.1,0.0,0.0,0.0,0.0,0.0,0.0,0.0,0.0,0.0,0.0,0.0,0.0,0.0,0.0,0.0,0.0,0.0,0.0,0.0,2021
,,364326,62651,,,,,,,,,,,,,,,,,,,,,,,,,,,,,,,,0.0,2011.6,0.0,1871076.0,0.0,0.0,29887508.0,0.0,0.0,33174.46,0.0,1332.5,0.0,0.0,0.0,0.0,0.0,0.0,0.0,0.0,0.0,2021
,,46276,8084,,,,,,,,,,,,,,,,,,,,,,,,,,,,,,,,0.0,8.26,0.0,18.0,0.0,0.0,0.0,0.0,0.0,0.0,0.0,0.0,0.0,0.0,0.0,0.0,0.0,0.0,0.0,0.0,0.0,2021
,,11363,2021,,,,,,,,,,,,,,,,,,,,,,,,,,,,,,,,0.0,0.0,0.0,0.0,0.0,0.0,0.0,0.0,0.0,0.0,0.0,0.0,0.0,0.0,0.0,0.0,0.0,777338.0,0.0,0.0,0.0,2021
,,11602,2021,,,,,,,,,,,,,,,,,,,,,,,,,,,,,,,,0.0,647.02,0.0,0.0,0.0,0.0,0.0,0.0,0.0,0.0,0.0,0.0,0.0,0.0,0.0,0.0,0.0,0.0,0.0,0.0,0.0,2021
,,537001,92966,,,,,,,,,,,,,,,,,,,,,,,,,,,,,,,,0.0,7831.02,0.0,5431553.0,0.0,0.0,88764139.0,0.0,0.0,103636.84,0.0,6172.929999999999,0.0,0.0,0.0,0.0,0.0,0.0,0.0,0.0,0.0,2021
,,131389,22231,,,,,,,,,,,,,,,,,,,,,,,,,,,,,,,,0.0,322.24,0.0,0.0,0.0,0.0,4748609.0,0.0,0.0,5661.55,0.0,32.67,0.0,0.0,0.0,0.0,0.0,0.0,0.0,0.0,0.0,2021
,,389363,66693,,,,,,,,,,,,,,,,,,,,,,,,,,,,,,,,0.0,3998.96,0.0,3854447.0,0.0,0.0,51198292.0,0.0,0.0,97686.76,0.0,4505.5,0.0,0.0,0.0,0.0,0.0,0.0,0.0,0.0,0.0,2021
,,23155,4042,,,,,,,,,,,,,,,,,,,,,,,,,,,,,,,,0.0,62.41,0.0,299.0,0.0,0.0,0.0,0.0,0.0,0.0,0.0,0.0,0.0,0.0,0.0,0.0,0.0,0.0,0.0,0.0,0.0,2021
,,11364,2021,,,,,,,,,,,,,,,,,,,,,,,,,,,,,,,,0.0,0.0,0.0,0.0,0.0,0.0,0.0,0.0,0.0,0.0,0.0,0.0,0.0,0.0,0.0,0.0,0.0,940080.0,0.0,0.0,0.0,2021
,,534805,92966,,,,,,,,,,,,,,,,,,,,,,,,,,,,,,,,0.0,680.72,0.0,305944.0,0.0,0.0,13537815.0,0.0,0.0,11863.32,0.0,601.66,0.0,0.0,0.0,0.0,0.0,18482.23,0.0,0.0,0.0,2021
,,46324,8084,,,,,,,,,,,,,,,,,,,,,,,,,,,,,,,,0.0,2.98,0.0,4.0,0.0,0.0,0.0,0.0,0.0,0.0,0.0,0.0,0.0,0.0,0.0,0.0,0.0,0.0,0.0,0.0,0.0,2021
,,22952,4042,,,,,,,,,,,,,,,,,,,,,,,,,,,,,,,,0.0,46.89,0.0,0.0,0.0,0.0,0.0,0.0,0.0,426.36,0.0,0.0,0.0,0.0,0.0,0.0,0.0,0.0,0.0,0.0,0.0,2021
,,11552,2021,,,,,,,,,,,,,,,,,,,,,,,,,,,,,,,,0.0,51.92,0.0,0.0,0.0,0.0,0.0,0.0,0.0,0.0,0.0,0.0,0.0,0.0,0.0,0.0,0.0,0.0,0.0,0.0,0.0,2021
,,23165,4042,,,,,,,,,,,,,,,,,,,,,,,,,,,,,,,,0.0,17.44,0.0,41.0,0.0,0.0,0.0,0.0,0.0,0.0,0.0,0.0,0.0,0.0,0.0,0.0,0.0,0.0,0.0,0.0,0.0,2021
,,11643,2021,,,,,,,,,,,,,,,,,,,,,,,,,,,,,,,,0.0,41.81,0.0,0.0,0.0,0.0,0.0,0.0,0.0,0.0,0.0,0.0,0.0,0.0,0.0,0.0,0.0,0.0,0.0,0.0,0.0,2021
,,23008,4042,,,,,,,,,,,,,,,,,,,,,,,,,,,,,,,,0.0,94.05,0.0,0.0,0.0,0.0,0.0,0.0,0.0,0.0,0.0,0.0,0.0,0.0,0.0,0.0,0.0,0.0,0.0,0.0,0.0,2021
,,11644,2021,,,,,,,,,,,,,,,,,,,,,,,,,,,,,,,,0.0,13.18,0.0,0.0,0.0,0.0,0.0,0.0,0.0,0.0,0.0,0.0,0.0,0.0,0.0,0.0,0.0,0.0,0.0,0.0,0.0,2021
,,435453,74777,,,,,,,,,,,,,,,,,,,,,,,,,,,,,,,,0.0,3785.41,0.0,3273300.0,0.0,0.0,46228033.0,0.0,0.0,74319.85,0.0,3608.49,0.0,0.0,0.0,0.0,0.0,0.0,0.0,0.0,0.0,2021
,,11366,2021,,,,,,,,,,,,,,,,,,,,,,,,,,,,,,,,0.0,0.0,0.0,0.0,0.0,0.0,0.0,0.0,0.0,0.0,0.0,0.0,0.0,0.0,0.0,0.0,0.0,156009.03,0.0,0.0,0.0,2021
,,4606824,796274,,,,,,,,,,,,,,,,,,,,,,,,,,,,,,,,33026.04,11533.19,15492830.0,0.0,289000000.0,609.2,43379720.0,9261137.0,336699.86,0.0,16338.87,0.0,59543447.760000005,59543447.760000005,165297.0,4643444.0,8348953.0,0.0,15595.0,13114.0,182294.0,2021
,,12272,2022,,,,,,,,,,,,,,,,,,,,,,,,,,,,,,,,0.0,13.64,0.0,0.0,0.0,0.0,0.0,0.0,0.0,0.0,0.0,0.0,0.0,0.0,0.0,0.0,0.0,0.0,0.0,0.0,0.0,2022
,,12495,2022,,,,,,,,,,,,,,,,,,,,,,,,,,,,,,,,0.0,22.71,0.0,0.0,0.0,0.0,0.0,0.0,0.0,0.0,0.0,0.0,0.0,0.0,0.0,0.0,0.0,0.0,0.0,0.0,0.0,2022
,,12214,2022,,,,,,,,,,,,,,,,,,,,,,,,,,,,,,,,0.0,7.75,0.0,0.0,0.0,0.0,0.0,0.0,0.0,0.0,0.0,0.0,0.0,0.0,0.0,0.0,0.0,0.0,0.0,0.0,0.0,2022
,,12273,2022,,,,,,,,,,,,,,,,,,,,,,,,,,,,,,,,0.0,655.78,0.0,0.0,0.0,0.0,0.0,0.0,0.0,0.0,0.0,0.0,0.0,0.0,0.0,0.0,0.0,0.0,0.0,0.0,0.0,2022
,,48948,8088,,,,,,,,,,,,,,,,,,,,,,,,,,,,,,,,0.0,18.15,0.0,124.0,0.0,0.0,0.0,0.0,0.0,0.0,0.0,0.0,0.0,0.0,0.0,0.0,0.0,0.0,0.0,0.0,0.0,2022
,,12038,2022,,,,,,,,,,,,,,,,,,,,,,,,,,,,,,,,0.0,0.0,0.0,0.0,0.0,0.0,0.0,0.0,0.0,0.0,0.0,0.0,0.0,0.0,0.0,0.0,0.0,8952.0,0.0,0.0,0.0,2022
,,12115,2022,,,,,,,,,,,,,,,,,,,,,,,,,,,,,,,,0.0,15.0,0.0,0.0,0.0,0.0,0.0,0.0,0.0,0.0,0.0,0.0,0.0,0.0,0.0,0.0,0.0,0.0,0.0,0.0,0.0,2022
,,61072,10110,,,,,,,,,,,,,,,,,,,,,,,,,,,,,,,,0.0,243.5,0.0,348.0,0.0,0.0,0.0,0.0,0.0,0.0,0.0,0.0,0.0,0.0,0.0,0.0,0.0,0.0,0.0,0.0,0.0,2022
,,12215,2022,,,,,,,,,,,,,,,,,,,,,,,,,,,,,,,,0.0,7.39,0.0,0.0,0.0,0.0,0.0,0.0,0.0,0.0,0.0,0.0,0.0,0.0,0.0,0.0,0.0,0.0,0.0,0.0,0.0,2022
,,37110,6066,,,,,,,,,,,,,,,,,,,,,,,,,,,,,,,,0.0,47.73,0.0,0.0,0.0,0.0,0.0,0.0,0.0,0.0,0.0,0.0,0.0,0.0,0.0,0.0,0.0,0.0,0.0,0.0,0.0,2022
,,12039,2022,,,,,,,,,,,,,,,,,,,,,,,,,,,,,,,,0.0,0.0,0.0,0.0,0.0,0.0,0.0,0.0,0.0,0.0,0.0,0.0,0.0,0.0,0.0,0.0,0.0,106835.0,0.0,0.0,0.0,2022
,,187751,30330,,,,,,,,,,,,,,,,,,,,,,,,,,,,,,,,0.0,449.02,0.0,276933.0,0.0,0.0,14517633.0,0.0,0.0,8699.15,0.0,75.47,0.0,0.0,0.0,0.0,0.0,0.0,0.0,0.0,0.0,2022
,,49265,8088,,,,,,,,,,,,,,,,,,,,,,,,,,,,,,,,0.0,66.16,0.0,0.0,0.0,0.0,0.0,0.0,0.0,1837.42,0.0,0.0,0.0,0.0,0.0,0.0,0.0,0.0,0.0,0.0,0.0,2022
,,12500,2022,,,,,,,,,,,,,,,,,,,,,,,,,,,,,,,,0.0,11.88,0.0,0.0,0.0,0.0,0.0,0.0,0.0,0.0,0.0,0.0,0.0,0.0,0.0,0.0,0.0,0.0,0.0,0.0,0.0,2022
,,421801,68748,,,,,,,,,,,,,,,,,,,,,,,,,,,,,,,,0.0,2551.01,0.0,2644329.0,0.0,0.0,36137546.0,0.0,0.0,39278.01,0.0,1790.78,0.0,0.0,0.0,0.0,0.0,2183.04,0.0,0.0,0.0,2022
,,48964,8088,,,,,,,,,,,,,,,,,,,,,,,,,,,,,,,,0.0,8.23,0.0,17.0,0.0,0.0,0.0,0.0,0.0,0.0,0.0,0.0,0.0,0.0,0.0,0.0,0.0,0.0,0.0,0.0,0.0,2022
,,12041,2022,,,,,,,,,,,,,,,,,,,,,,,,,,,,,,,,0.0,0.0,0.0,0.0,0.0,0.0,0.0,0.0,0.0,0.0,0.0,0.0,0.0,0.0,0.0,0.0,0.0,791114.0,0.0,0.0,0.0,2022
,,12274,2022,,,,,,,,,,,,,,,,,,,,,,,,,,,,,,,,0.0,603.69,0.0,0.0,0.0,0.0,0.0,0.0,0.0,0.0,0.0,0.0,0.0,0.0,0.0,0.0,0.0,0.0,0.0,0.0,0.0,2022
,,567826,93012,,,,,,,,,,,,,,,,,,,,,,,,,,,,,,,,0.0,7598.82,0.0,5112649.0,0.0,0.0,89715935.0,0.0,0.0,102382.91,0.0,6757.070000000001,0.0,0.0,0.0,0.0,0.0,0.0,0.0,0.0,0.0,2022
,,138733,22242,,,,,,,,,,,,,,,,,,,,,,,,,,,,,,,,0.0,191.59,0.0,0.0,0.0,0.0,2553807.0,0.0,0.0,2819.25,0.0,11.32,0.0,0.0,0.0,0.0,0.0,0.0,0.0,0.0,0.0,2022
,,411458,66726,,,,,,,,,,,,,,,,,,,,,,,,,,,,,,,,0.0,3905.06,0.0,3737235.0,0.0,0.0,52428819.0,0.0,0.0,91607.92,0.0,4959.67,0.0,0.0,0.0,0.0,0.0,0.0,0.0,0.0,0.0,2022
,,24499,4044,,,,,,,,,,,,,,,,,,,,,,,,,,,,,,,,0.0,53.97,0.0,302.0,0.0,0.0,0.0,0.0,0.0,0.0,0.0,0.0,0.0,0.0,0.0,0.0,0.0,0.0,0.0,0.0,0.0,2022
,,12042,2022,,,,,,,,,,,,,,,,,,,,,,,,,,,,,,,,0.0,0.0,0.0,0.0,0.0,0.0,0.0,0.0,0.0,0.0,0.0,0.0,0.0,0.0,0.0,0.0,0.0,940275.0,0.0,0.0,0.0,2022
,,541904,88968,,,,,,,,,,,,,,,,,,,,,,,,,,,,,,,,0.0,689.14,0.0,323913.0,0.0,0.0,13849513.0,0.0,0.0,9700.88,0.0,515.2,0.0,0.0,0.0,0.0,0.0,15278.0,0.0,0.0,0.0,2022
,,49012,8088,,,,,,,,,,,,,,,,,,,,,,,,,,,,,,,,0.0,3.13,0.0,4.0,0.0,0.0,0.0,0.0,0.0,0.0,0.0,0.0,0.0,0.0,0.0,0.0,0.0,0.0,0.0,0.0,0.0,2022
,,24292,4044,,,,,,,,,,,,,,,,,,,,,,,,,,,,,,,,0.0,30.79,0.0,0.0,0.0,0.0,0.0,0.0,0.0,433.55,0.0,0.0,0.0,0.0,0.0,0.0,0.0,0.0,0.0,0.0,0.0,2022
,,12224,2022,,,,,,,,,,,,,,,,,,,,,,,,,,,,,,,,0.0,54.86,0.0,0.0,0.0,0.0,0.0,0.0,0.0,0.0,0.0,0.0,0.0,0.0,0.0,0.0,0.0,0.0,0.0,0.0,0.0,2022
,,24509,4044,,,,,,,,,,,,,,,,,,,,,,,,,,,,,,,,0.0,19.24,0.0,44.0,0.0,0.0,0.0,0.0,0.0,0.0,0.0,0.0,0.0,0.0,0.0,0.0,0.0,0.0,0.0,0.0,0.0,2022
,,12318,2022,,,,,,,,,,,,,,,,,,,,,,,,,,,,,,,,0.0,40.03,0.0,0.0,0.0,0.0,0.0,0.0,0.0,0.0,0.0,0.0,0.0,0.0,0.0,0.0,0.0,0.0,0.0,0.0,0.0,2022
,,24350,4044,,,,,,,,,,,,,,,,,,,,,,,,,,,,,,,,0.0,90.95,0.0,0.0,0.0,0.0,0.0,0.0,0.0,0.0,0.0,0.0,0.0,0.0,0.0,0.0,0.0,0.0,0.0,0.0,0.0,2022
,,12319,2022,,,,,,,,,,,,,,,,,,,,,,,,,,,,,,,,0.0,23.05,0.0,0.0,0.0,0.0,0.0,0.0,0.0,0.0,0.0,0.0,0.0,0.0,0.0,0.0,0.0,0.0,0.0,0.0,0.0,2022
,,448169,72792,,,,,,,,,,,,,,,,,,,,,,,,,,,,,,,,0.0,3402.81,0.0,2934131.0,0.0,0.0,45868322.0,0.0,0.0,55009.57,0.0,3568.7,0.0,0.0,0.0,0.0,0.0,0.0,0.0,0.0,0.0,2022
,,12044,2022,,,,,,,,,,,,,,,,,,,,,,,,,,,,,,,,0.0,0.0,0.0,0.0,0.0,0.0,0.0,0.0,0.0,0.0,0.0,0.0,0.0,0.0,0.0,0.0,0.0,160932.89,0.0,0.0,0.0,2022
,,4933667,806778,,,,,,,,,,,,,,,,,,,,,,,,,,,,,,,,32941.22,12116.21,15030029.0,0.0,301490003.0,635.5,46418428.0,8141684.0,311768.64,0.0,17678.21,0.0,70362857.37,70362857.37,155944.0,4536848.0,6218980.0,0.0,2588.0,0.0,192915.0,2022
,,12938,2023,,,,,,,,,,,,,,,,,,,,,,,,,,,,,,,,0.0,12.85,0.0,0.0,0.0,0.0,0.0,0.0,0.0,0.0,0.0,0.0,0.0,0.0,0.0,0.0,0.0,0.0,0.0,0.0,0.0,2023
,,13173,2023,,,,,,,,,,,,,,,,,,,,,,,,,,,,,,,,0.0,19.8,0.0,0.0,0.0,0.0,0.0,0.0,0.0,0.0,0.0,0.0,0.0,0.0,0.0,0.0,0.0,0.0,0.0,0.0,0.0,2023
,,12880,2023,,,,,,,,,,,,,,,,,,,,,,,,,,,,,,,,0.0,8.24,0.0,0.0,0.0,0.0,0.0,0.0,0.0,0.0,0.0,0.0,0.0,0.0,0.0,0.0,0.0,0.0,0.0,0.0,0.0,2023
,,12939,2023,,,,,,,,,,,,,,,,,,,,,,,,,,,,,,,,0.0,655.6,0.0,0.0,0.0,0.0,0.0,0.0,0.0,0.0,0.0,0.0,0.0,0.0,0.0,0.0,0.0,0.0,0.0,0.0,0.0,2023
,,51612,8092,,,,,,,,,,,,,,,,,,,,,,,,,,,,,,,,0.0,18.04,0.0,117.0,0.0,0.0,0.0,0.0,0.0,0.0,0.0,0.0,0.0,0.0,0.0,0.0,0.0,0.0,0.0,0.0,0.0,2023
,,12704,2023,,,,,,,,,,,,,,,,,,,,,,,,,,,,,,,,0.0,0.0,0.0,0.0,0.0,0.0,0.0,0.0,0.0,0.0,0.0,0.0,0.0,0.0,0.0,0.0,0.0,15032.0,0.0,0.0,0.0,2023
,,12781,2023,,,,,,,,,,,,,,,,,,,,,,,,,,,,,,,,0.0,14.22,0.0,0.0,0.0,0.0,0.0,0.0,0.0,0.0,0.0,0.0,0.0,0.0,0.0,0.0,0.0,0.0,0.0,0.0,0.0,2023
,,64402,10115,,,,,,,,,,,,,,,,,,,,,,,,,,,,,,,,0.0,255.2,0.0,338.0,0.0,0.0,0.0,0.0,0.0,0.0,0.0,0.0,0.0,0.0,0.0,0.0,0.0,0.0,0.0,0.0,0.0,2023
,,12881,2023,,,,,,,,,,,,,,,,,,,,,,,,,,,,,,,,0.0,5.51,0.0,0.0,0.0,0.0,0.0,0.0,0.0,0.0,0.0,0.0,0.0,0.0,0.0,0.0,0.0,0.0,0.0,0.0,0.0,2023
,,39132,6069,,,,,,,,,,,,,,,,,,,,,,,,,,,,,,,,0.0,59.84,0.0,0.0,0.0,0.0,0.0,0.0,0.0,0.0,0.0,0.0,0.0,0.0,0.0,0.0,0.0,0.0,0.0,0.0,0.0,2023
,,12705,2023,,,,,,,,,,,,,,,,,,,,,,,,,,,,,,,,0.0,0.0,0.0,0.0,0.0,0.0,0.0,0.0,0.0,0.0,0.0,0.0,0.0,0.0,0.0,0.0,0.0,124373.0,0.0,0.0,0.0,2023
,,197889,30345,,,,,,,,,,,,,,,,,,,,,,,,,,,,,,,,0.0,595.97,0.0,444147.0,0.0,0.0,20172171.0,0.0,0.0,10066.56,0.0,70.95,0.0,0.0,0.0,0.0,0.0,0.0,0.0,0.0,0.0,2023
,,51953,8092,,,,,,,,,,,,,,,,,,,,,,,,,,,,,,,,0.0,57.12,0.0,0.0,0.0,0.0,0.0,0.0,0.0,1500.3,0.0,0.0,0.0,0.0,0.0,0.0,0.0,0.0,0.0,0.0,0.0,2023
,,13178,2023,,,,,,,,,,,,,,,,,,,,,,,,,,,,,,,,0.0,11.16,0.0,0.0,0.0,0.0,0.0,0.0,0.0,0.0,0.0,0.0,0.0,0.0,0.0,0.0,0.0,0.0,0.0,0.0,0.0,2023
,,470708,72828,,,,,,,,,,,,,,,,,,,,,,,,,,,,,,,,0.0,2476.82,0.0,2738797.0,0.0,0.0,37420104.0,0.0,0.0,41669.94,0.0,1833.79,0.0,0.0,0.0,0.0,0.0,2183.12,0.0,0.0,0.0,2023
,,51628,8092,,,,,,,,,,,,,,,,,,,,,,,,,,,,,,,,0.0,9.67,0.0,15.0,0.0,0.0,0.0,0.0,0.0,0.0,0.0,0.0,0.0,0.0,0.0,0.0,0.0,0.0,0.0,0.0,0.0,2023
,,12707,2023,,,,,,,,,,,,,,,,,,,,,,,,,,,,,,,,0.0,0.0,0.0,0.0,0.0,0.0,0.0,0.0,0.0,0.0,0.0,0.0,0.0,0.0,0.0,0.0,0.0,846734.0,0.0,0.0,0.0,2023
,,12940,2023,,,,,,,,,,,,,,,,,,,,,,,,,,,,,,,,0.0,584.6,0.0,0.0,0.0,0.0,0.0,0.0,0.0,0.0,0.0,0.0,0.0,0.0,0.0,0.0,0.0,0.0,0.0,0.0,0.0,2023
,,611749,95081,,,,,,,,,,,,,,,,,,,,,,,,,,,,,,,,0.0,7151.17,0.0,4896874.0,0.0,0.0,90292173.0,0.0,0.0,98468.54,0.0,6929.49,0.0,0.0,0.0,0.0,0.0,0.0,0.0,0.0,0.0,2023
,,146191,22253,,,,,,,,,,,,,,,,,,,,,,,,,,,,,,,,0.0,223.42,0.0,0.0,0.0,0.0,3220975.0,0.0,0.0,4256.25,0.0,14.77,0.0,0.0,0.0,0.0,0.0,0.0,0.0,0.0,0.0,2023
,,459941,70805,,,,,,,,,,,,,,,,,,,,,,,,,,,,,,,,0.0,3842.33,0.0,3638619.0,0.0,0.0,53216385.0,0.0,0.0,81179.52,0.0,4668.58,0.0,0.0,0.0,0.0,0.0,0.0,0.0,0.0,0.0,2023
,,25831,4046,,,,,,,,,,,,,,,,,,,,,,,,,,,,,,,,0.0,56.73,0.0,285.0,0.0,0.0,0.0,0.0,0.0,0.0,0.0,0.0,0.0,0.0,0.0,0.0,0.0,0.0,0.0,0.0,0.0,2023
,,12708,2023,,,,,,,,,,,,,,,,,,,,,,,,,,,,,,,,0.0,0.0,0.0,0.0,0.0,0.0,0.0,0.0,0.0,0.0,0.0,0.0,0.0,0.0,0.0,0.0,0.0,940331.0,0.0,0.0,0.0,2023
,,571440,89012,,,,,,,,,,,,,,,,,,,,,,,,,,,,,,,,0.0,848.13,0.0,280269.0,0.0,0.0,15779883.0,0.0,0.0,10528.56,0.0,651.3,0.0,0.0,0.0,0.0,0.0,360409.5,0.0,0.0,0.0,2023
,,51676,8092,,,,,,,,,,,,,,,,,,,,,,,,,,,,,,,,0.0,3.29,0.0,4.0,0.0,0.0,0.0,0.0,0.0,0.0,0.0,0.0,0.0,0.0,0.0,0.0,0.0,0.0,0.0,0.0,0.0,2023
,,25624,4046,,,,,,,,,,,,,,,,,,,,,,,,,,,,,,,,0.0,8.78,0.0,0.0,0.0,0.0,0.0,0.0,0.0,220.02,0.0,0.0,0.0,0.0,0.0,0.0,0.0,0.0,0.0,0.0,0.0,2023
,,12890,2023,,,,,,,,,,,,,,,,,,,,,,,,,,,,,,,,0.0,53.65,0.0,0.0,0.0,0.0,0.0,0.0,0.0,0.0,0.0,0.0,0.0,0.0,0.0,0.0,0.0,0.0,0.0,0.0,0.0,2023
,,25841,4046,,,,,,,,,,,,,,,,,,,,,,,,,,,,,,,,0.0,17.24,0.0,46.0,0.0,0.0,0.0,0.0,0.0,0.0,0.0,0.0,0.0,0.0,0.0,0.0,0.0,0.0,0.0,0.0,0.0,2023
,,12986,2023,,,,,,,,,,,,,,,,,,,,,,,,,,,,,,,,0.0,40.56,0.0,0.0,0.0,0.0,0.0,0.0,0.0,0.0,0.0,0.0,0.0,0.0,0.0,0.0,0.0,0.0,0.0,0.0,0.0,2023
,,25682,4046,,,,,,,,,,,,,,,,,,,,,,,,,,,,,,,,0.0,85.1,0.0,0.0,0.0,0.0,0.0,0.0,0.0,0.0,0.0,0.0,0.0,0.0,0.0,0.0,0.0,0.0,0.0,0.0,0.0,2023
,,12987,2023,,,,,,,,,,,,,,,,,,,,,,,,,,,,,,,,0.0,24.38,0.0,0.0,0.0,0.0,0.0,0.0,0.0,0.0,0.0,0.0,0.0,0.0,0.0,0.0,0.0,0.0,0.0,0.0,0.0,2023
,,498706,76874,,,,,,,,,,,,,,,,,,,,,,,,,,,,,,,,0.0,3279.67,0.0,2608865.0,0.0,0.0,46008312.0,0.0,0.0,47190.34,0.0,3855.09,0.0,0.0,0.0,0.0,0.0,0.0,0.0,0.0,0.0,2023
,,12710,2023,,,,,,,,,,,,,,,,,,,,,,,,,,,,,,,,0.0,0.0,0.0,0.0,0.0,0.0,0.0,0.0,0.0,0.0,0.0,0.0,0.0,0.0,0.0,0.0,0.0,157239.32,0.0,0.0,0.0,2023
,,5266703,817292,,,,,,,,,,,,,,,,,,,,,,,,,,,,,,,,33757.83,13338.71,14608376.0,0.0,313791590.0,652.6,47681587.0,7464605.0,295080.05,0.0,18023.96,0.0,83097095.32,83097095.32,144557.0,4875142.0,7447158.0,0.0,2310.0,0.0,200623.0,2023
,,13617,2024,,,,,,,,,,,,,,,,,,,,,,,,,,,,,,,,0.0,12.59,0.0,0.0,0.0,0.0,0.0,0.0,0.0,0.0,0.0,0.0,0.0,0.0,0.0,0.0,0.0,0.0,0.0,0.0,0.0,2024
,,13848,2024,,,,,,,,,,,,,,,,,,,,,,,,,,,,,,,,0.0,18.34,0.0,0.0,0.0,0.0,0.0,0.0,0.0,0.0,0.0,0.0,0.0,0.0,0.0,0.0,0.0,0.0,0.0,0.0,0.0,2024
,,13559,2024,,,,,,,,,,,,,,,,,,,,,,,,,,,,,,,,0.0,9.21,0.0,0.0,0.0,0.0,0.0,0.0,0.0,0.0,0.0,0.0,0.0,0.0,0.0,0.0,0.0,0.0,0.0,0.0,0.0,2024
,,13618,2024,,,,,,,,,,,,,,,,,,,,,,,,,,,,,,,,0.0,676.82,0.0,0.0,0.0,0.0,0.0,0.0,0.0,0.0,0.0,0.0,0.0,0.0,0.0,0.0,0.0,0.0,0.0,0.0,0.0,2024
,,54328,8096,,,,,,,,,,,,,,,,,,,,,,,,,,,,,,,,0.0,19.23,0.0,121.0,0.0,0.0,0.0,0.0,0.0,0.0,0.0,0.0,0.0,0.0,0.0,0.0,0.0,0.0,0.0,0.0,0.0,2024
,,13382,2024,,,,,,,,,,,,,,,,,,,,,,,,,,,,,,,,0.0,0.0,0.0,0.0,0.0,0.0,0.0,0.0,0.0,0.0,0.0,0.0,0.0,0.0,0.0,0.0,0.0,16474.0,0.0,0.0,0.0,2024
,,13459,2024,,,,,,,,,,,,,,,,,,,,,,,,,,,,,,,,0.0,15.55,0.0,0.0,0.0,0.0,0.0,0.0,0.0,0.0,0.0,0.0,0.0,0.0,0.0,0.0,0.0,0.0,0.0,0.0,0.0,2024
,,67796,10120,,,,,,,,,,,,,,,,,,,,,,,,,,,,,,,,0.0,257.62,0.0,327.0,0.0,0.0,0.0,0.0,0.0,0.0,0.0,0.0,0.0,0.0,0.0,0.0,0.0,0.0,0.0,0.0,0.0,2024
,,13560,2024,,,,,,,,,,,,,,,,,,,,,,,,,,,,,,,,0.0,5.54,0.0,0.0,0.0,0.0,0.0,0.0,0.0,0.0,0.0,0.0,0.0,0.0,0.0,0.0,0.0,0.0,0.0,0.0,0.0,2024
,,41160,6072,,,,,,,,,,,,,,,,,,,,,,,,,,,,,,,,0.0,57.53,0.0,0.0,0.0,0.0,0.0,0.0,0.0,0.0,0.0,0.0,0.0,0.0,0.0,0.0,0.0,0.0,0.0,0.0,0.0,2024
,,13383,2024,,,,,,,,,,,,,,,,,,,,,,,,,,,,,,,,0.0,0.0,0.0,0.0,0.0,0.0,0.0,0.0,0.0,0.0,0.0,0.0,0.0,0.0,0.0,0.0,0.0,153501.0,0.0,0.0,0.0,2024
,,208019,30360,,,,,,,,,,,,,,,,,,,,,,,,,,,,,,,,0.0,738.65,0.0,619705.0,0.0,0.0,21634820.0,0.0,0.0,11799.9,0.0,71.55,0.0,0.0,0.0,0.0,0.0,0.0,0.0,0.0,0.0,2024
,,54659,8096,,,,,,,,,,,,,,,,,,,,,,,,,,,,,,,,0.0,51.14,0.0,0.0,0.0,0.0,0.0,0.0,0.0,1535.96,0.0,0.0,0.0,0.0,0.0,0.0,0.0,0.0,0.0,0.0,0.0,2024
,,13853,2024,,,,,,,,,,,,,,,,,,,,,,,,,,,,,,,,0.0,11.53,0.0,0.0,0.0,0.0,0.0,0.0,0.0,0.0,0.0,0.0,0.0,0.0,0.0,0.0,0.0,0.0,0.0,0.0,0.0,2024
,,509038,74888,,,,,,,,,,,,,,,,,,,,,,,,,,,,,,,,0.0,2389.97,0.0,2714199.0,0.0,0.0,32319400.0,0.0,0.0,41926.5,0.0,1996.78,0.0,0.0,0.0,0.0,0.0,2184.83,0.0,0.0,0.0,2024
,,54344,8096,,,,,,,,,,,,,,,,,,,,,,,,,,,,,,,,0.0,9.91,0.0,16.0,0.0,0.0,0.0,0.0,0.0,0.0,0.0,0.0,0.0,0.0,0.0,0.0,0.0,0.0,0.0,0.0,0.0,2024
,,13385,2024,,,,,,,,,,,,,,,,,,,,,,,,,,,,,,,,0.0,0.0,0.0,0.0,0.0,0.0,0.0,0.0,0.0,0.0,0.0,0.0,0.0,0.0,0.0,0.0,0.0,1072982.0,0.0,0.0,0.0,2024
,,13619,2024,,,,,,,,,,,,,,,,,,,,,,,,,,,,,,,,0.0,581.29,0.0,0.0,0.0,0.0,0.0,0.0,0.0,0.0,0.0,0.0,0.0,0.0,0.0,0.0,0.0,0.0,0.0,0.0,0.0,2024
,,643545,95128,,,,,,,,,,,,,,,,,,,,,,,,,,,,,,,,0.0,7026.52,0.0,4845250.0,0.0,0.0,92090009.0,0.0,0.0,94432.45,0.0,7246.62,0.0,0.0,0.0,0.0,0.0,0.0,0.0,0.0,0.0,2024
,,125563,18216,,,,,,,,,,,,,,,,,,,,,,,,,,,,,,,,0.0,251.16,0.0,0.0,0.0,0.0,5507449.0,0.0,0.0,3813.62,0.0,110.18,0.0,0.0,0.0,0.0,0.0,0.0,0.0,0.0,0.0,2024
,,469806,68816,,,,,,,,,,,,,,,,,,,,,,,,,,,,,,,,0.0,3816.92,0.0,3353589.0,0.0,0.0,52511337.0,0.0,0.0,78678.09999999999,0.0,5008.07,0.0,0.0,0.0,0.0,0.0,0.0,0.0,0.0,0.0,2024
,,27189,4048,,,,,,,,,,,,,,,,,,,,,,,,,,,,,,,,0.0,52.84,0.0,287.0,0.0,0.0,0.0,0.0,0.0,0.0,0.0,0.0,0.0,0.0,0.0,0.0,0.0,0.0,0.0,0.0,0.0,2024
,,13386,2024,,,,,,,,,,,,,,,,,,,,,,,,,,,,,,,,0.0,0.0,0.0,0.0,0.0,0.0,0.0,0.0,0.0,0.0,0.0,0.0,0.0,0.0,0.0,0.0,0.0,1034209.0,0.0,0.0,0.0,2024
,,601210,89056,,,,,,,,,,,,,,,,,,,,,,,,,,,,,,,,0.0,1027.97,0.0,435890.0,0.0,0.0,26810244.0,0.0,0.0,13365.83,0.0,874.6,0.0,0.0,0.0,0.0,0.0,541218.2,0.0,0.0,0.0,2024
,,54392,8096,,,,,,,,,,,,,,,,,,,,,,,,,,,,,,,,0.0,3.38,0.0,4.0,0.0,0.0,0.0,0.0,0.0,0.0,0.0,0.0,0.0,0.0,0.0,0.0,0.0,0.0,0.0,0.0,0.0,2024
,,26980,4048,,,,,,,,,,,,,,,,,,,,,,,,,,,,,,,,0.0,3.95,0.0,0.0,0.0,0.0,0.0,0.0,0.0,141.99,0.0,0.0,0.0,0.0,0.0,0.0,0.0,0.0,0.0,0.0,0.0,2024
,,13569,2024,,,,,,,,,,,,,,,,,,,,,,,,,,,,,,,,0.0,49.25,0.0,0.0,0.0,0.0,0.0,0.0,0.0,0.0,0.0,0.0,0.0,0.0,0.0,0.0,0.0,0.0,0.0,0.0,0.0,2024
,,27199,4048,,,,,,,,,,,,,,,,,,,,,,,,,,,,,,,,0.0,16.85,0.0,43.0,0.0,0.0,0.0,0.0,0.0,0.0,0.0,0.0,0.0,0.0,0.0,0.0,0.0,0.0,0.0,0.0,0.0,2024
,,13662,2024,,,,,,,,,,,,,,,,,,,,,,,,,,,,,,,,0.0,39.37,0.0,0.0,0.0,0.0,0.0,0.0,0.0,0.0,0.0,0.0,0.0,0.0,0.0,0.0,0.0,0.0,0.0,0.0,0.0,2024
,,27039,4048,,,,,,,,,,,,,,,,,,,,,,,,,,,,,,,,0.0,84.23,0.0,0.0,0.0,0.0,0.0,0.0,0.0,0.0,0.0,0.0,0.0,0.0,0.0,0.0,0.0,0.0,0.0,0.0,0.0,2024
,,13663,2024,,,,,,,,,,,,,,,,,,,,,,,,,,,,,,,,0.0,25.15,0.0,0.0,0.0,0.0,0.0,0.0,0.0,0.0,0.0,0.0,0.0,0.0,0.0,0.0,0.0,0.0,0.0,0.0,0.0,2024
,,524383,76912,,,,,,,,,,,,,,,,,,,,,,,,,,,,,,,,0.0,3065.05,0.0,2467638.0,0.0,0.0,42667945.0,0.0,0.0,46915.64,0.0,3886.46,0.0,0.0,0.0,0.0,0.0,0.0,0.0,0.0,0.0,2024
,,13388,2024,,,,,,,,,,,,,,,,,,,,,,,,,,,,,,,,0.0,0.0,0.0,0.0,0.0,0.0,0.0,0.0,0.0,0.0,0.0,0.0,0.0,0.0,0.0,0.0,0.0,159492.0,0.0,0.0,0.0,2024
,,5512668,813648,,,,,,,,,,,,,,,,,,,,,,,,,,,,,,,,34057.38,13739.79,14437069.0,0.0,326963792.0,672.3,53422588.0,7142200.0,292610.0,0.0,19194.27,0.0,95155264.09,95155264.09,138250.0,5260339.0,7463380.0,0.0,1958.0,0.0,194443.0,2024
