operador,servicio,id,mes,pais,concepto,segmento,tecnologia_de_acceso,contrato,terminal_de_telefonia_movil,linea_ba_movil,tipo_de_ba_mayorista,tipo_de_portabilidad,unidades,lineas,tasa_de_penetracion,portabilidades,periodo,key_periodo_operador_servicio,cuota_lineas,hhi_lineas
Digi,Banda Ancha móvil,2301663,2016-01,España,Líneas,,,Pospago,,Líneas de voz y datos,,,,304061066.0,633.0,0.0,2016-01-31,2016-01-31|Digi|Banda Ancha móvil,1.0,1.0
Digi,Banda ancha fija minorista,931729,2018-09,España,Líneas,,FTTH,,,,,,,62954647.0,130.3,0.0,2018-09-30,2018-09-30|Digi|Banda ancha fija minorista,1.0,1.0
Digi,Telefonía fija,934206,2018-09,España,Líneas,Residencial,,,,,,,,20655016.0,42.7,0.0,2018-09-30,2018-09-30|Digi|Telefonía fija,1.0,1.0
Digi,Telefonía móvil,5123597,2009-11,España,Portabilidades,,,,,,,Importados,,324530732.0,676.4,7700438.0,2009-11-30,2009-11-30|Digi|Telefonía móvil,1.0,1.0
Otros,Banda ancha fija minorista,3189762,2007-01,España,Líneas,,HFC,,,,,,,64828111.0,135.0,0.0,2007-01-31,2007-01-31|Otros|Banda ancha fija minorista,0.03727681882716666,0.555782999110095
Otros,Telefonía fija,1654309,2007-01,España,Líneas,Negocios,,,,,,,,91252995.0,195.8,0.0,2007-01-31,2007-01-31|Otros|Telefonía fija,0.022890570493324054,0.41606900150785403
Grupo Masmovil,Banda Ancha móvil,1758314,2016-10,España,Líneas,,,Pospago,,Líneas de voz y datos,,,,611600500.0,1291.5,0.0,2016-10-31,2016-10-31|Grupo Masmovil|Banda Ancha móvil,1.0,1.0
Grupo Masmovil,Banda ancha fija minorista,2521738,2016-10,España,Líneas,,FTTH,,,,,,,162094360.0,340.8,0.0,2016-10-31,2016-10-31|Grupo Masmovil|Banda ancha fija minorista,1.0,1.0
Grupo Masmovil,Telefonía fija,1741389,2016-10,España,Líneas,Residencial,,,,,,,,143448941.0,303.1,0.0,2016-10-31,2016-10-31|Grupo Masmovil|Telefonía fija,1.0,1.0
Grupo Masmovil,Telefonía móvil,3527320,2016-10,España,Líneas,,,Pospago,Sin tipo de terminal,,,,,775646980.0,1636.4,21438454.0,2016-10-31,2016-10-31|Grupo Masmovil|Telefonía móvil,1.0,1.0
Otros,Banda ancha fija minorista,240187,2013-12,España,Líneas,,FTTH,,,,,,,28852400.0,62.2,0.0,2013-12-31,2013-12-31|Otros|Banda ancha fija minorista,1.0,1.0
Otros,Telefonía fija,501733,2007-01,España,Líneas,Negocios,,,,,,,,102149828.0,221.0,0.0,2007-01-31,2007-01-31|Otros|Telefonía fija,0.025624011997797194,0.41606900150785403
Masorange,Banda Ancha móvil,437276,2024-04,España,Líneas,,,Pospago,,Líneas de voz y datos,,,,350123552.0,717.1999999999999,0.0,2024-04-30,2024-04-30|Masorange|Banda Ancha móvil,1.0,1.0
Masorange,Banda ancha fija minorista,845363,2024-04,España,Líneas,,FTTH,,,,,,,113312289.0,232.1,0.0,2024-04-30,2024-04-30|Masorange|Banda ancha fija minorista,1.0,1.0
Masorange,Telefonía fija,437552,2024-04,España,Líneas,Negocios,,,,,,,,100268454.0,205.9,0.0,2024-04-30,2024-04-30|Masorange|Telefonía fija,1.0,1.0
Masorange,Telefonía móvil,876116,2024-04,España,Líneas,,,Pospago,Sin tipo de terminal,,,,,410496357.0,840.9,6375935.0,2024-04-30,2024-04-30|Masorange|Telefonía móvil,1.0,1.0
Movistar,Banda Ancha móvil,2426443,2015-01,España,Líneas,,,Pospago,,Líneas de voz y datos,,,,1664359760.0,3515.4,0.0,2015-01-31,2015-01-31|Movistar|Banda Ancha móvil,0.3660762404275608,0.3041980681508244
Movistar,Banda ancha fija minorista,4506552,2007-01,España,Líneas,,xDSL,,,,,,,1255058192.0,2675.8,0.0,2007-01-31,2007-01-31|Movistar|Banda ancha fija minorista,0.7216711411001216,0.555782999110095
Movistar,Telefonía fija,2861655,2007-01,España,Líneas,Negocios,,,,,,,,2432183144.0,5214.8,0.0,2007-01-31,2007-01-31|Movistar|Telefonía fija,0.6101066568873332,0.41606900150785403
Movistar,Telefonía móvil,5738498,2007-01,España,Líneas,,,Pospago,Sin tipo de terminal,,,,,3983488977.0,8522.8,51223341.0,2007-01-31,2007-01-31|Movistar|Telefonía móvil,0.34668567511320425,0.2489658004587207
Otros,Banda Ancha móvil,1360462,2015-01,España,Líneas,,,Pospago,,Líneas de voz y datos,,,,188224748.0,400.2,0.0,2015-01-31,2015-01-31|Otros|Banda Ancha móvil,0.04140006851839836,0.3041980681508244
Otros,Telefonía móvil,4671955,2007-01,España,Líneas,,,Pospago,Sin tipo de terminal,,,,,569371598.0,1219.4,19063697.0,2007-01-31,2007-01-31|Otros|Telefonía móvil,0.049552786008101944,0.2489658004587207
Otros,Banda ancha fija minorista,212996,2007-01,España,Líneas,,HFC,,,,,,,126828930.0,273.40000000000003,0.0,2007-01-31,2007-01-31|Otros|Banda ancha fija minorista,0.07292791618829372,0.555782999110095
Otros,Telefonía fija,377772,2007-01,España,Líneas,Negocios,,,,,,,,187593527.0,406.9,0.0,2007-01-31,2007-01-31|Otros|Telefonía fija,0.0470573360785012,0.41606900150785403
Orange,Banda Ancha móvil,1990085,2015-01,España,Líneas,,,Pospago,,Líneas de voz y datos,,,,1219504344.0,2590.1,0.0,2015-01-31,2015-01-31|Orange|Banda Ancha móvil,0.26823020849566737,0.3041980681508244
Orange,Banda ancha fija minorista,3854688,2014-01,España,Líneas,,xDSL,,,,,,,442354468.0,939.8,0.0,2014-01-31,2014-01-31|Orange|Banda ancha fija minorista,0.5194196248908541,0.500754243661803
Orange,Telefonía fija,2425227,2007-01,España,Líneas,Negocios,,,,,,,,498846571.0,1061.4,0.0,2007-01-31,2007-01-31|Orange|Telefonía fija,0.12513433229044682,0.41606900150785403
Orange,Telefonía móvil,4865846,2007-01,España,Líneas,,,Pospago,Sin tipo de terminal,,,,,2513762989.0,5381.7,49364018.0,2007-01-31,2007-01-31|Orange|Telefonía móvil,0.21877445223216724,0.2489658004587207
Otros,Banda ancha fija minorista,3893432,2007-01,España,Líneas,,HFC,,,,,,,292384643.0,624.3,0.0,2007-01-31,2007-01-31|Otros|Banda ancha fija minorista,0.168124123884418,0.555782999110095
Otros,Telefonía fija,1299591,2007-01,España,Líneas,Negocios,,,,,,,,48751933.0,104.5,0.0,2007-01-31,2007-01-31|Otros|Telefonía fija,0.012229292408674491,0.41606900150785403
Otros,Banda Ancha móvil,2427985,2015-01,España,Líneas,,,Pospago,,Líneas de voz y datos,,,,1411103301.0,2982.0,0.0,2015-01-31,2015-01-31|Otros|Banda Ancha móvil,0.3103724349145528,0.3041980681508244
Otros,Banda ancha fija minorista,4150679,2014-01,España,Líneas,,xDSL,,,,,,,409277713.0,867.7,0.0,2014-01-31,2014-01-31|Otros|Banda ancha fija minorista,0.48058037510914586,0.500754243661803
Otros,Telefonía fija,2864315,2007-01,España,Líneas,Negocios,,,,,,,,625710457.0,1329.9,0.0,2007-01-31,2007-01-31|Otros|Telefonía fija,0.15695779984392305,0.41606900150785403
Otros,Telefonía móvil,5743990,2007-01,España,Líneas,,,Pospago,Sin tipo de terminal,,,,,2983369307.0,6378.4,55194467.0,2007-01-31,2007-01-31|Otros|Telefonía móvil,0.2596446000682148,0.2489658004587207
Otros,Banda Ancha móvil,230807,2015-01,España,Líneas,,,Pospago,,Líneas de voz y datos,,,,63291820.0,136.1,0.0,2015-01-31,2015-01-31|Otros|Banda Ancha móvil,0.01392104764382065,0.3041980681508244
Otros,Telefonía móvil,1337925,2007-01,España,Líneas,,,Pospago,Sin tipo de terminal,,,,,261473773.0,561.6,8600343.0,2007-01-31,2007-01-31|Otros|Telefonía móvil,0.02275623505933997,0.2489658004587207
Otros,Banda Ancha móvil,1400488,2010-01,España,Líneas,,,,,Líneas exclusivas de datos,,,,330362449.0,705.1,0.0,2010-01-31,2010-01-31|Otros|Banda Ancha móvil,1.0,1.0
Otros,Banda ancha fija mayorista,11942660,2007-01,España,Líneas,,,,,,Bucle compartido,,,906075031.0,0.0,0.0,2007-01-31,2007-01-31|Otros|Banda ancha fija mayorista,1.0,1.0
Otros,Telefonía fija,1432492,2007-01,España,Portabilidades,,,,,,,,,0.0,0.0,32290488.0,2007-01-31,2007-01-31|Otros|Telefonía fija,0.0,0.41606900150785403
Otros,Telefonía móvil,1433603,2007-01,España,Líneas,,,,Asociados a máquinas,,,,,1178736912.0,2485.8,0.0,2007-01-31,2007-01-31|Otros|Telefonía móvil,0.10258625151897179,0.2489658004587207
